PhysicalX(mm),PhysicalY(mm),P0,P1,P2,P3,P4,P5,P6,P7,P8,P9,P10,P11,P12,P13,P14,P15,P16,P17,P18,P19,P20,P21,P22,P23,P24,P25,P26,P27,P28,P29,P30,P31,P32,P33,P34,P35,P36,P37,P38,P39,P40,P41,P42,P43,P44,P45,P46,P47,P48,P49,P50,P51,P52,P53,P54,P55,P56,P57,P58,P59,P60,P61,P62,P63,P64,P65,P66,P67,P68,P69,P70,P71,P72,P73,P74,P75,P76,P77,P78,P79,P80,P81,P82,P83,P84,P85,P86,P87,P88,P89,P90,P91,P92,P93,P94,P95,P96,P97,P98,P99,P100
123.437,91.097,-99.985,-100.946,-101.224,-104.109,-99.260,-104.418,-104.670,-102.397,-100.365,-103.182,-103.455,-103.927,-102.888,-101.715,-102.182,-98.489,-101.435,-102.947,-99.360,-103.106,-100.977,-100.886,-101.242,-100.867,-99.927,-99.322,-102.539,-101.218,-99.771,-102.913,-102.041,-103.396,-102.528,-99.758,-99.623,-103.252,-101.091,-101.928,-103.482,-101.365,-100.347,-101.070,-102.678,-101.165,-99.925,-100.456,-101.195,-104.904,-103.049,-99.321,-101.870,-99.983,-103.938,-102.217,-102.139,-101.730,-101.231,-101.939,-100.915,-102.355,-99.184,-102.250,-101.326,-100.867,-100.621,-101.646,-102.076,-102.992,-100.397,-100.310,-102.030,-101.852,-100.838,-101.085,-101.438,-103.167,-99.862,-103.956,-102.182,-101.247,-103.083,-102.326,-100.896,-100.598,-102.058,-101.350,-103.619,-101.986,-101.020,-103.432,-102.281,-100.546,-104.288,-101.540,-104.091,-102.598,-100.229,-102.571,-99.762,-100.484,-101.690
144.960,91.097,-97.672,-102.733,-102.928,-101.081,-100.792,-99.865,-103.847,-101.429,-100.038,-104.296,-102.851,-100.947,-99.250,-101.122,-101.444,-100.563,-102.207,-102.757,-101.808,-102.448,-101.165,-102.900,-103.965,-101.218,-102.796,-102.241,-101.649,-100.434,-101.344,-103.082,-100.752,-103.494,-101.108,-100.846,-97.150,-101.564,-101.877,-100.979,-99.535,-104.411,-102.008,-100.461,-100.298,-102.145,-101.274,-102.204,-103.030,-101.771,-99.692,-103.908,-100.196,-100.926,-101.552,-102.021,-102.475,-102.873,-101.488,-97.617,-98.540,-101.447,-102.606,-101.959,-100.351,-102.315,-100.215,-102.060,-100.828,-103.866,-100.405,-100.042,-102.765,-102.799,-101.813,-99.255,-100.096,-102.529,-100.505,-101.844,-100.510,-99.508,-101.979,-100.877,-100.743,-101.586,-103.022,-100.935,-100.237,-101.151,-98.786,-101.302,-101.716,-100.365,-99.975,-99.612,-100.136,-102.511,-98.596,-97.401,-101.865,-99.884,-101.754
166.484,91.097,-100.485,-103.241,-101.477,-101.534,-99.979,-101.602,-100.759,-100.112,-101.579,-99.854,-100.654,-100.626,-100.177,-100.300,-100.313,-100.750,-99.657,-101.176,-99.900,-99.859,-101.245,-101.386,-100.750,-103.509,-99.811,-101.252,-100.184,-100.407,-101.246,-99.835,-101.771,-103.526,-103.381,-103.311,-101.392,-101.200,-102.151,-102.804,-99.794,-101.812,-105.342,-101.213,-100.628,-103.279,-102.154,-99.142,-102.135,-98.073,-101.377,-100.912,-99.096,-98.978,-103.204,-102.067,-100.820,-101.872,-99.096,-101.818,-101.819,-101.892,-100.945,-98.874,-102.176,-98.086,-99.376,-101.863,-101.129,-102.258,-103.568,-100.468,-101.888,-100.046,-102.859,-100.615,-103.249,-100.595,-102.112,-103.400,-103.681,-102.457,-102.624,-100.884,-98.128,-101.678,-101.094,-100.126,-100.125,-99.738,-103.187,-101.856,-103.452,-102.140,-101.994,-101.265,-100.761,-102.878,-102.170,-102.388,-101.357,-102.643,-100.492
188.007,91.097,-101.368,-101.840,-100.971,-100.010,-99.823,-103.452,-100.625,-100.461,-102.174,-103.339,-100.980,-103.141,-101.878,-103.185,-102.757,-102.192,-102.165,-101.234,-103.051,-103.593,-101.084,-102.254,-101.645,-102.670,-103.546,-100.152,-102.554,-100.858,-102.367,-101.977,-100.138,-102.531,-100.999,-101.719,-103.756,-99.349,-101.363,-101.708,-101.645,-103.383,-100.208,-100.517,-100.362,-101.390,-103.214,-103.548,-100.548,-100.196,-99.349,-100.490,-102.402,-101.228,-100.988,-101.695,-102.768,-102.075,-101.842,-104.072,-100.474,-102.638,-102.774,-101.473,-101.452,-102.194,-102.625,-99.573,-102.424,-99.514,-99.433,-101.141,-100.515,-100.590,-102.833,-103.678,-101.243,-103.204,-102.057,-102.621,-100.622,-97.480,-103.650,-103.615,-102.074,-100.462,-103.191,-102.813,-103.212,-100.949,-103.857,-102.974,-100.780,-102.590,-100.716,-101.575,-100.789,-100.593,-101.995,-100.377,-100.347,-100.827,-102.213
209.530,91.097,-100.903,-101.110,-101.263,-103.668,-99.397,-101.217,-102.759,-102.103,-101.379,-102.077,-102.506,-98.526,-100.336,-100.947,-99.971,-99.968,-101.266,-99.739,-101.607,-102.891,-101.341,-102.591,-104.640,-103.808,-101.689,-102.410,-102.253,-98.347,-101.899,-101.693,-102.189,-101.825,-102.763,-103.456,-101.290,-102.753,-102.222,-101.876,-102.197,-100.329,-102.404,-100.567,-103.252,-100.615,-100.824,-101.494,-102.055,-102.298,-102.650,-98.804,-102.637,-103.302,-100.733,-103.781,-102.875,-103.801,-101.426,-100.024,-99.738,-103.442,-100.712,-103.225,-103.216,-101.326,-101.365,-103.755,-102.229,-103.021,-102.081,-99.757,-104.152,-102.279,-101.687,-100.408,-98.927,-102.515,-100.601,-100.159,-100.603,-101.135,-99.548,-102.708,-101.745,-102.628,-101.591,-101.385,-100.131,-102.674,-100.587,-103.210,-101.100,-105.332,-102.522,-103.624,-103.633,-99.901,-102.803,-101.496,-99.877,-101.755,-103.866
231.054,91.097,-99.953,-100.561,-101.160,-101.085,-99.577,-102.696,-101.289,-99.674,-99.749,-100.113,-99.361,-102.822,-102.776,-101.447,-100.528,-101.668,-103.037,-102.579,-103.694,-100.680,-99.424,-101.195,-102.368,-102.281,-100.814,-100.886,-101.769,-103.846,-100.652,-101.922,-103.611,-101.959,-98.838,-101.992,-99.331,-101.232,-99.379,-102.790,-101.797,-103.072,-102.020,-104.602,-101.826,-102.161,-99.900,-100.419,-103.788,-102.850,-100.335,-99.643,-99.909,-100.587,-100.906,-105.355,-102.544,-99.260,-99.711,-102.088,-100.849,-102.658,-100.264,-101.691,-101.642,-102.222,-101.726,-102.808,-101.610,-102.777,-100.482,-101.314,-103.210,-101.868,-99.755,-101.279,-103.655,-102.309,-102.468,-99.328,-101.627,-103.367,-100.377,-99.935,-102.419,-101.368,-102.234,-102.946,-104.892,-103.474,-99.832,-99.362,-99.856,-102.478,-101.837,-100.767,-101.911,-103.787,-100.238,-101.597,-98.824,-98.774,-101.686
252.577,91.097,-102.188,-104.496,-102.346,-101.454,-102.352,-100.587,-97.728,-97.885,-102.400,-101.957,-101.434,-101.416,-102.839,-103.484,-101.587,-101.643,-102.362,-99.880,-100.763,-99.964,-103.097,-100.669,-100.190,-101.083,-101.892,-101.647,-101.578,-103.603,-102.021,-101.256,-101.153,-100.943,-101.964,-99.968,-101.858,-101.477,-102.009,-100.675,-100.492,-100.847,-102.797,-98.547,-102.189,-103.369,-102.915,-99.210,-102.500,-102.793,-102.420,-102.658,-103.847,-102.223,-102.858,-102.333,-100.430,-103.227,-100.574,-98.576,-103.811,-102.982,-101.468,-100.706,-100.753,-102.605,-102.553,-103.136,-99.113,-100.803,-101.755,-103.765,-99.456,-99.417,-99.494,-101.959,-101.277,-103.560,-98.429,-105.632,-101.430,-101.980,-102.195,-101.791,-99.409,-101.660,-102.423,-102.229,-103.121,-100.992,-98.429,-102.685,-102.751,-103.643,-100.439,-102.419,-101.465,-103.489,-101.205,-105.014,-101.639,-101.415,-102.304
274.100,91.097,-101.999,-99.915,-101.257,-102.988,-99.514,-102.352,-102.219,-101.660,-98.566,-99.622,-101.444,-102.603,-104.187,-102.294,-102.215,-97.694,-102.966,-100.788,-102.957,-99.921,-101.005,-102.112,-101.790,-97.169,-101.887,-101.003,-99.680,-103.379,-102.621,-100.454,-102.452,-101.358,-102.327,-103.391,-99.205,-103.374,-103.694,-101.315,-102.100,-101.152,-101.969,-101.197,-100.929,-102.499,-102.920,-102.169,-99.374,-100.497,-100.872,-99.652,-98.510,-102.116,-102.353,-102.007,-98.498,-103.312,-104.022,-103.434,-102.854,-102.014,-104.290,-100.972,-102.437,-101.285,-102.825,-97.907,-102.309,-101.972,-103.617,-103.480,-100.320,-101.415,-103.363,-102.853,-99.698,-101.300,-100.623,-103.138,-100.907,-104.552,-102.669,-101.011,-102.090,-100.279,-101.399,-99.870,-101.701,-102.197,-103.005,-102.706,-102.490,-103.515,-103.338,-102.286,-100.813,-104.148,-100.925,-104.593,-100.071,-101.505,-101.173
295.624,91.097,-100.665,-101.763,-99.701,-102.365,-99.560,-104.073,-100.551,-101.144,-101.813,-102.394,-98.832,-102.285,-102.160,-102.416,-101.760,-103.717,-101.229,-100.186,-99.359,-101.710,-104.935,-99.874,-101.850,-100.456,-100.183,-103.006,-101.935,-102.765,-101.474,-103.701,-101.361,-98.544,-102.565,-101.556,-102.538,-100.600,-101.779,-104.423,-102.676,-100.267,-102.584,-103.727,-103.007,-101.807,-104.064,-100.423,-98.888,-102.176,-102.092,-102.232,-101.295,-101.563,-100.671,-102.447,-100.902,-101.236,-101.262,-101.307,-101.355,-103.194,-103.499,-102.668,-103.137,-103.217,-101.394,-102.296,-102.708,-101.329,-101.511,-100.890,-101.157,-100.550,-101.833,-101.842,-101.025,-102.771,-101.275,-100.687,-100.954,-103.354,-99.551,-102.106,-102.565,-100.324,-101.668,-101.476,-100.781,-101.741,-102.323,-98.225,-99.640,-100.998,-99.761,-103.511,-100.090,-101.690,-103.232,-101.471,-99.891,-103.896,-103.176
317.147,91.097,-102.625,-102.641,-100.453,-101.796,-102.116,-102.088,-100.596,-100.329,-101.420,-102.360,-101.684,-103.009,-101.538,-103.547,-100.268,-100.182,-100.789,-103.932,-104.051,-101.025,-100.572,-100.838,-103.203,-104.597,-101.079,-101.192,-98.910,-99.008,-99.696,-100.484,-101.676,-101.780,-102.356,-102.401,-102.634,-101.386,-98.900,-99.561,-102.577,-103.598,-101.173,-101.980,-97.378,-102.282,-100.841,-103.766,-101.101,-102.009,-100.313,-100.129,-100.999,-99.789,-103.528,-101.187,-100.841,-103.607,-103.606,-101.340,-98.075,-98.168,-103.120,-100.976,-102.018,-102.837,-100.351,-101.311,-102.378,-100.907,-103.491,-103.348,-102.355,-105.302,-103.108,-99.974,-103.183,-102.293,-100.173,-98.935,-103.631,-101.212,-99.509,-103.801,-101.196,-101.549,-99.670,-102.834,-99.314,-102.150,-101.726,-100.510,-102.666,-103.243,-100.677,-102.277,-101.327,-102.601,-100.014,-102.872,-104.301,-100.476,-100.094
123.437,96.477,-102.051,-100.535,-103.374,-102.372,-100.586,-103.548,-102.439,-101.856,-102.642,-102.540,-103.829,-102.748,-103.066,-104.037,-101.227,-100.319,-99.819,-100.539,-99.307,-99.364,-102.459,-101.666,-101.176,-101.286,-100.814,-100.146,-103.106,-99.217,-99.495,-100.553,-100.883,-101.447,-102.064,-102.361,-101.842,-101.302,-100.845,-98.755,-100.897,-101.722,-102.960,-101.585,-101.429,-100.910,-99.521,-101.816,-101.590,-100.452,-103.750,-103.362,-101.671,-101.233,-100.258,-102.923,-102.299,-99.163,-100.594,-98.494,-100.846,-100.766,-102.863,-100.429,-102.236,-101.077,-100.002,-99.843,-99.946,-100.192,-103.879,-102.621,-101.413,-102.983,-102.207,-101.793,-101.200,-102.212,-103.229,-103.708,-102.094,-99.652,-102.469,-102.374,-102.231,-102.024,-99.805,-101.041,-102.176,-101.832,-100.783,-102.610,-100.443,-98.487,-104.280,-100.926,-99.464,-102.508,-101.743,-102.413,-102.014,-101.350,-104.146
144.960,96.477,-101.075,-102.349,-100.609,-99.425,-102.636,-100.803,-100.468,-100.698,-101.602,-101.878,-103.050,-99.720,-99.467,-101.994,-101.271,-99.876,-101.349,-101.843,-104.118,-100.639,-103.760,-99.543,-100.232,-100.058,-101.972,-101.810,-103.096,-100.236,-101.554,-101.058,-102.389,-101.476,-101.354,-101.818,-101.086,-101.868,-104.697,-100.949,-104.005,-103.595,-101.711,-99.908,-101.609,-102.062,-102.611,-102.594,-103.717,-100.566,-100.810,-102.080,-102.287,-102.693,-100.187,-101.170,-101.413,-100.897,-103.086,-102.447,-103.628,-100.908,-102.645,-101.145,-100.991,-98.160,-98.827,-99.951,-102.045,-102.584,-102.062,-101.505,-101.173,-103.461,-100.568,-101.427,-104.058,-101.936,-101.927,-102.979,-101.346,-103.003,-100.898,-103.141,-99.283,-102.307,-102.157,-101.299,-100.405,-100.894,-99.879,-104.138,-100.062,-100.521,-102.363,-102.210,-102.877,-102.082,-102.227,-102.076,-103.679,-103.514,-100.983
166.484,96.477,-103.621,-99.669,-102.849,-102.256,-102.673,-102.665,-101.162,-99.885,-97.984,-100.063,-100.376,-100.041,-100.758,-102.085,-96.902,-101.239,-104.005,-102.970,-99.217,-101.252,-102.230,-103.473,-104.087,-101.851,-99.925,-101.384,-101.845,-101.262,-99.721,-102.096,-100.858,-100.643,-100.294,-103.148,-101.734,-99.766,-103.092,-102.505,-101.912,-104.051,-99.145,-101.465,-103.924,-100.456,-101.220,-101.656,-101.699,-101.335,-102.088,-101.210,-103.713,-101.194,-101.460,-102.696,-100.867,-101.249,-101.530,-100.012,-101.368,-101.586,-102.013,-102.511,-98.528,-100.223,-101.724,-99.269,-101.334,-100.599,-101.256,-104.597,-99.220,-100.279,-99.610,-102.360,-99.696,-101.650,-102.185,-100.110,-104.840,-100.859,-104.026,-103.645,-104.572,-103.531,-101.789,-100.716,-102.092,-102.455,-104.230,-104.318,-101.924,-101.242,-99.558,-101.021,-99.580,-101.846,-102.913,-101.132,-102.705,-103.525,-103.791
188.007,96.477,-99.637,-101.444,-100.344,-98.990,-100.031,-103.606,-100.563,-100.286,-102.765,-104.240,-99.691,-101.418,-99.558,-101.918,-102.040,-103.190,-101.879,-99.319,-101.969,-102.768,-100.588,-99.578,-102.465,-100.586,-103.574,-101.896,-101.936,-101.406,-103.206,-101.650,-102.954,-99.947,-102.892,-100.290,-102.048,-99.329,-99.134,-99.386,-100.509,-102.025,-100.778,-100.556,-101.416,-102.278,-101.640,-101.932,-98.631,-101.405,-101.044,-102.548,-102.279,-101.459,-99.003,-99.553,-100.533,-101.485,-100.563,-100.935,-102.927,-104.334,-103.748,-100.955,-103.112,-98.578,-101.257,-101.767,-101.423,-101.425,-102.653,-101.529,-102.576,-102.858,-102.737,-100.447,-103.444,-101.924,-102.788,-103.453,-100.183,-103.333,-104.468,-99.684,-101.735,-103.379,-104.041,-102.551,-103.798,-102.203,-102.395,-102.522,-99.603,-101.988,-102.368,-101.468,-100.686,-99.869,-99.818,-102.216,-99.413,-100.194,-100.766
209.530,96.477,-102.034,-102.055,-101.323,-102.198,-100.854,-100.711,-102.628,-102.344,-99.512,-102.197,-102.638,-103.124,-101.653,-103.874,-102.455,-99.840,-101.397,-100.763,-100.907,-98.845,-102.680,-99.743,-102.684,-101.062,-101.048,-103.873,-99.923,-102.525,-102.655,-101.137,-100.603,-99.403,-102.796,-102.437,-103.228,-102.846,-100.149,-102.137,-103.446,-101.753,-101.341,-100.784,-101.810,-102.105,-101.750,-100.215,-100.750,-104.145,-101.695,-103.385,-100.267,-100.842,-103.492,-100.019,-102.603,-98.948,-100.504,-102.937,-102.268,-98.190,-100.910,-99.970,-100.836,-102.113,-101.366,-101.788,-101.440,-101.059,-101.744,-100.471,-103.913,-103.298,-102.360,-103.480,-101.464,-101.263,-102.083,-103.259,-103.958,-99.731,-103.890,-102.129,-102.682,-102.414,-105.236,-102.017,-103.442,-103.448,-98.629,-100.473,-102.448,-100.775,-103.041,-102.628,-102.570,-101.440,-101.611,-101.259,-101.785,-100.773,-103.260
231.054,96.477,-101.319,-101.569,-98.949,-101.473,-100.579,-99.210,-102.596,-103.355,-102.142,-101.934,-101.274,-102.865,-101.370,-102.645,-100.796,-101.168,-100.577,-101.689,-102.099,-104.879,-101.757,-101.739,-103.371,-100.427,-100.179,-102.089,-101.323,-102.501,-101.992,-101.334,-102.844,-102.616,-99.583,-101.312,-101.017,-100.920,-100.847,-102.679,-102.611,-101.425,-99.561,-102.883,-103.186,-102.745,-101.803,-100.380,-100.654,-101.296,-101.151,-101.148,-100.466,-100.159,-102.402,-101.047,-102.753,-100.686,-100.477,-100.362,-103.134,-101.061,-100.164,-103.640,-101.268,-100.576,-101.837,-100.543,-100.679,-101.569,-101.961,-100.967,-101.322,-101.062,-100.166,-101.290,-100.003,-103.880,-101.702,-103.733,-101.017,-99.942,-103.635,-100.258,-101.948,-101.994,-100.895,-100.680,-104.014,-102.839,-102.318,-101.489,-101.167,-102.315,-100.433,-103.408,-100.540,-100.645,-101.840,-102.937,-101.693,-101.658,-101.374
252.577,96.477,-103.098,-98.645,-101.457,-102.360,-100.088,-103.278,-101.241,-101.695,-101.589,-101.628,-100.838,-104.229,-102.385,-102.353,-101.153,-101.709,-102.824,-100.819,-101.177,-101.336,-99.580,-103.099,-101.101,-100.775,-101.044,-100.358,-100.944,-100.841,-101.685,-101.881,-98.338,-101.676,-102.274,-103.801,-102.424,-100.971,-101.987,-100.041,-102.306,-98.763,-100.361,-99.662,-99.662,-100.741,-100.389,-102.724,-102.891,-99.974,-102.947,-101.826,-100.285,-100.454,-100.864,-101.522,-102.543,-102.834,-99.399,-102.608,-99.109,-101.652,-102.152,-101.074,-100.705,-103.632,-101.142,-100.403,-98.795,-102.892,-102.213,-104.369,-100.574,-99.809,-102.219,-103.948,-101.851,-103.448,-102.203,-102.255,-100.457,-101.229,-102.372,-102.022,-101.740,-101.537,-100.093,-103.664,-103.637,-102.257,-104.978,-99.258,-100.941,-102.192,-103.028,-100.084,-101.875,-102.820,-101.887,-104.546,-103.129,-100.626,-102.590
274.100,96.477,-101.723,-100.913,-99.906,-100.926,-100.116,-100.283,-102.546,-101.906,-98.617,-100.966,-103.919,-100.039,-100.821,-103.812,-99.879,-103.194,-103.410,-104.322,-102.358,-99.076,-101.741,-97.246,-100.968,-102.161,-101.001,-101.581,-100.743,-102.595,-99.009,-102.654,-101.479,-99.160,-102.358,-101.857,-100.774,-102.279,-103.142,-103.285,-102.668,-99.070,-103.523,-102.675,-101.914,-99.301,-102.092,-103.366,-99.772,-102.756,-102.131,-103.106,-102.270,-100.768,-101.579,-104.649,-102.260,-100.612,-101.398,-101.223,-102.628,-100.037,-103.294,-101.464,-101.337,-103.963,-102.346,-101.756,-99.873,-104.845,-101.414,-103.087,-103.586,-102.316,-101.833,-100.267,-101.838,-102.405,-100.317,-100.591,-103.139,-99.066,-100.187,-99.019,-102.362,-99.929,-102.635,-100.645,-100.670,-101.422,-102.052,-101.238,-98.986,-99.785,-100.006,-102.318,-99.600,-100.507,-98.956,-100.028,-102.735,-100.468,-103.207
295.624,96.477,-103.755,-103.310,-103.356,-103.145,-101.822,-100.557,-101.007,-102.919,-99.921,-102.340,-104.075,-100.377,-102.272,-103.171,-99.861,-100.222,-100.606,-102.774,-99.322,-102.085,-101.199,-103.060,-102.306,-104.049,-103.486,-104.810,-100.414,-98.574,-100.764,-100.832,-101.972,-100.448,-102.631,-102.456,-100.778,-101.989,-103.472,-102.211,-100.161,-103.417,-99.296,-102.480,-99.740,-102.124,-101.303,-101.113,-101.069,-101.673,-100.428,-102.003,-100.100,-100.282,-103.267,-102.898,-103.817,-102.249,-100.308,-99.832,-102.252,-100.550,-105.553,-101.839,-101.316,-102.374,-100.246,-101.718,-101.886,-101.642,-100.573,-102.069,-102.153,-100.309,-101.660,-100.812,-101.721,-104.354,-101.446,-100.406,-100.845,-99.829,-103.910,-101.622,-99.370,-100.006,-102.144,-100.245,-101.826,-101.480,-103.260,-99.659,-101.619,-103.044,-100.840,-103.517,-101.747,-101.323,-102.353,-101.530,-103.206,-102.731,-101.722
317.147,96.477,-102.898,-102.137,-103.208,-99.759,-100.971,-103.465,-101.668,-102.440,-98.923,-101.344,-101.802,-101.556,-101.914,-100.668,-100.834,-101.209,-101.791,-101.165,-105.328,-100.068,-103.600,-100.279,-99.253,-100.815,-99.756,-101.621,-100.396,-100.191,-103.583,-101.919,-102.262,-101.785,-100.255,-103.028,-99.664,-103.239,-100.552,-103.848,-99.625,-100.175,-101.172,-102.141,-102.097,-102.118,-98.868,-104.143,-98.944,-102.464,-103.011,-102.097,-101.916,-101.963,-102.281,-102.930,-98.844,-99.426,-103.415,-101.602,-103.114,-103.825,-101.183,-102.861,-100.614,-101.230,-101.571,-99.720,-101.233,-105.007,-100.386,-101.917,-103.289,-102.567,-100.618,-103.060,-100.083,-102.849,-101.163,-100.073,-100.216,-99.680,-102.838,-101.104,-100.334,-103.075,-101.539,-99.831,-102.339,-102.086,-103.229,-101.779,-101.234,-101.258,-100.908,-99.642,-99.166,-102.463,-102.315,-99.245,-102.477,-100.222,-100.700
123.437,101.857,-101.894,-100.724,-98.999,-101.638,-100.076,-101.705,-101.587,-101.415,-100.634,-101.608,-100.964,-101.557,-102.117,-103.738,-100.658,-100.589,-102.173,-102.084,-102.717,-103.232,-103.275,-100.559,-99.118,-103.274,-100.106,-100.266,-105.907,-99.296,-102.034,-101.725,-100.664,-101.042,-102.521,-102.140,-101.044,-100.456,-100.372,-103.441,-101.345,-100.697,-100.526,-103.542,-101.390,-102.462,-101.624,-103.501,-102.219,-98.975,-100.064,-102.957,-100.989,-101.962,-101.468,-101.614,-102.261,-101.270,-102.644,-102.235,-102.123,-102.817,-101.394,-103.625,-102.199,-101.215,-102.954,-100.937,-101.546,-101.733,-101.325,-101.778,-100.832,-99.223,-103.420,-101.890,-98.617,-101.814,-101.214,-102.624,-100.834,-101.741,-103.391,-102.918,-104.416,-100.277,-100.385,-98.858,-103.265,-102.160,-99.804,-103.822,-102.208,-103.944,-99.820,-100.810,-100.851,-101.286,-102.809,-102.772,-102.409,-99.664,-100.811
144.960,101.857,-101.873,-100.044,-102.822,-99.259,-103.080,-100.496,-102.465,-104.814,-98.525,-101.274,-102.613,-99.567,-99.972,-100.944,-101.686,-102.303,-101.771,-103.070,-101.011,-103.114,-102.969,-101.615,-100.458,-101.753,-101.012,-99.813,-98.886,-102.665,-100.647,-101.512,-100.034,-100.910,-101.775,-103.109,-100.795,-102.735,-103.392,-101.862,-102.674,-102.292,-103.000,-101.767,-100.521,-98.935,-101.382,-102.026,-101.788,-105.047,-103.280,-102.248,-99.708,-101.576,-104.681,-101.303,-104.000,-101.011,-100.547,-102.100,-100.511,-100.536,-100.540,-101.586,-100.852,-101.005,-103.950,-101.244,-100.931,-101.411,-102.333,-101.864,-101.286,-100.118,-100.286,-103.145,-103.568,-99.307,-101.403,-99.771,-100.205,-101.371,-101.981,-99.215,-100.201,-101.347,-101.568,-99.372,-102.318,-97.582,-98.544,-103.668,-101.352,-100.866,-103.295,-100.320,-99.470,-99.806,-101.930,-102.027,-100.573,-100.203,-100.438
166.484,101.857,-100.806,-99.367,-102.487,-100.186,-101.068,-100.595,-100.871,-98.056,-101.749,-100.156,-101.420,-102.143,-100.411,-102.370,-102.251,-100.630,-97.668,-101.348,-100.645,-100.914,-99.782,-102.081,-102.028,-101.262,-102.767,-101.074,-102.735,-99.634,-102.475,-104.237,-102.776,-101.316,-101.757,-102.244,-103.697,-100.952,-104.765,-100.727,-97.664,-99.223,-98.885,-99.847,-103.105,-101.134,-98.527,-103.460,-100.886,-99.972,-99.186,-102.600,-100.895,-101.830,-101.979,-98.816,-102.397,-102.402,-99.843,-101.192,-100.712,-100.081,-100.292,-100.385,-101.586,-103.022,-102.237,-99.977,-102.195,-100.330,-99.735,-101.181,-103.028,-101.604,-100.414,-102.813,-102.205,-103.589,-101.495,-102.101,-101.954,-102.103,-100.998,-101.226,-101.055,-102.155,-102.007,-102.087,-101.750,-101.046,-102.291,-103.223,-101.685,-100.043,-101.981,-103.182,-104.176,-101.411,-102.959,-104.775,-101.872,-100.427,-102.515
188.007,101.857,-102.376,-102.352,-101.372,-104.065,-102.767,-101.778,-104.449,-99.864,-103.071,-102.555,-98.784,-100.398,-103.383,-102.475,-100.444,-102.957,-102.449,-101.463,-99.738,-103.789,-103.702,-101.786,-100.160,-100.948,-100.366,-101.969,-101.570,-103.931,-102.560,-102.626,-101.503,-100.259,-101.639,-102.448,-103.665,-100.863,-100.927,-102.541,-101.836,-98.209,-102.324,-102.535,-99.250,-101.697,-99.753,-101.914,-100.118,-102.991,-99.323,-100.662,-100.267,-101.920,-99.343,-101.663,-100.009,-101.232,-104.495,-101.711,-100.333,-100.828,-102.161,-101.653,-100.491,-101.903,-101.398,-100.778,-101.129,-100.635,-102.440,-101.958,-102.037,-102.170,-98.812,-100.294,-103.003,-103.191,-101.548,-101.671,-102.498,-101.812,-100.461,-100.635,-99.765,-100.760,-100.659,-101.554,-102.113,-104.751,-101.818,-100.709,-101.113,-99.711,-99.737,-99.709,-100.033,-101.338,-101.414,-104.132,-100.473,-99.785,-101.202
209.530,101.857,-99.936,-101.005,-101.324,-103.257,-101.893,-102.853,-101.439,-100.248,-101.095,-100.986,-100.533,-99.697,-100.763,-98.983,-102.892,-100.017,-104.103,-100.779,-102.033,-99.252,-102.000,-101.768,-101.353,-101.329,-100.301,-101.735,-99.903,-101.449,-101.435,-101.502,-102.465,-102.352,-101.895,-102.217,-101.096,-100.012,-102.380,-102.931,-101.457,-102.108,-101.552,-101.487,-101.831,-101.674,-102.274,-100.672,-103.775,-103.722,-101.666,-99.290,-100.660,-102.271,-101.613,-101.412,-100.450,-102.828,-103.866,-100.875,-101.152,-100.667,-100.368,-103.797,-102.245,-102.794,-102.414,-102.962,-99.346,-102.576,-102.832,-100.891,-101.788,-101.043,-101.309,-102.441,-101.621,-101.171,-102.980,-103.266,-102.318,-103.514,-101.081,-102.262,-103.510,-101.147,-98.997,-100.157,-102.458,-100.222,-100.349,-101.902,-100.963,-99.459,-101.719,-99.203,-103.600,-102.596,-101.117,-102.974,-101.410,-100.889,-100.480
231.054,101.857,-102.624,-98.128,-99.217,-98.824,-100.599,-101.118,-100.613,-103.734,-101.214,-101.059,-103.626,-101.286,-103.398,-100.505,-101.224,-101.587,-103.392,-103.346,-101.768,-101.864,-101.878,-100.157,-103.445,-102.770,-101.741,-102.034,-99.802,-103.406,-100.809,-101.469,-101.669,-101.966,-103.093,-101.503,-102.212,-101.130,-104.128,-103.029,-98.560,-103.627,-99.014,-101.258,-102.641,-100.913,-100.659,-102.588,-100.557,-103.147,-102.232,-101.574,-100.741,-100.888,-100.554,-101.356,-102.540,-100.701,-103.956,-101.979,-101.857,-104.810,-101.064,-103.751,-102.651,-101.823,-99.546,-100.860,-98.847,-100.634,-102.539,-100.393,-101.568,-101.525,-102.078,-101.270,-101.803,-102.186,-103.554,-101.065,-100.424,-101.650,-100.185,-101.823,-101.198,-101.929,-101.039,-100.805,-99.896,-101.847,-101.080,-101.864,-101.024,-101.593,-101.962,-102.072,-103.347,-101.367,-102.979,-98.304,-99.857,-100.120,-100.590
252.577,101.857,-101.053,-102.598,-102.091,-100.795,-105.599,-101.846,-101.557,-100.187,-102.683,-100.546,-100.358,-100.216,-100.566,-102.057,-101.548,-103.200,-102.036,-100.927,-102.878,-102.655,-101.819,-99.899,-103.469,-103.795,-105.966,-99.773,-100.933,-101.364,-102.088,-98.410,-99.747,-102.392,-101.794,-99.904,-102.328,-99.912,-100.683,-99.450,-100.696,-100.447,-100.507,-104.537,-101.103,-102.179,-99.507,-103.209,-104.730,-100.925,-100.888,-104.086,-101.262,-101.754,-102.622,-100.556,-99.790,-101.252,-98.487,-99.032,-101.250,-101.504,-101.696,-101.846,-101.997,-101.458,-102.606,-102.526,-100.557,-98.971,-103.452,-99.913,-103.365,-102.077,-102.556,-102.339,-101.204,-102.109,-100.361,-101.218,-98.459,-99.185,-102.531,-101.214,-102.503,-99.562,-103.245,-104.525,-101.418,-104.157,-103.590,-100.767,-101.609,-101.977,-101.030,-102.510,-100.759,-100.948,-101.630,-99.295,-102.982,-100.756,-101.695
274.100,101.857,-101.437,-101.785,-103.176,-99.500,-104.335,-100.598,-101.282,-102.467,-102.710,-100.847,-103.156,-101.339,-100.770,-100.896,-102.649,-101.284,-102.766,-101.889,-102.013,-101.781,-99.199,-99.804,-102.347,-101.300,-102.617,-101.402,-102.975,-101.021,-100.510,-101.924,-101.264,-99.614,-101.297,-102.661,-100.934,-103.805,-101.675,-101.794,-102.236,-101.218,-101.693,-100.057,-102.629,-102.708,-103.123,-103.071,-101.586,-101.624,-102.201,-99.771,-97.007,-102.651,-101.364,-101.928,-99.611,-100.633,-98.511,-101.317,-104.318,-101.280,-101.084,-101.023,-102.476,-101.538,-100.290,-100.784,-99.835,-104.390,-100.300,-99.575,-99.497,-102.507,-101.108,-104.024,-104.385,-102.373,-102.517,-102.782,-103.577,-101.353,-102.995,-99.552,-100.201,-100.051,-103.002,-99.793,-101.800,-100.101,-101.428,-99.857,-101.364,-100.793,-99.540,-102.589,-102.072,-102.942,-102.693,-100.144,-102.654,-101.204,-101.541
295.624,101.857,-101.390,-99.383,-101.838,-99.779,-98.831,-102.114,-101.074,-102.832,-101.604,-101.923,-103.152,-103.429,-101.666,-102.243,-103.030,-99.280,-100.600,-98.522,-100.642,-102.914,-105.367,-100.244,-102.367,-102.040,-102.449,-103.661,-100.723,-101.134,-100.162,-101.941,-101.906,-100.755,-102.071,-102.146,-101.407,-100.224,-98.709,-100.226,-100.002,-99.647,-103.886,-103.436,-100.602,-99.805,-100.255,-101.365,-102.300,-101.521,-100.593,-101.104,-102.816,-101.216,-100.512,-101.688,-100.868,-102.141,-100.877,-102.686,-101.122,-101.088,-99.511,-102.475,-101.350,-100.203,-102.775,-102.382,-100.579,-101.428,-99.389,-100.196,-100.448,-102.155,-101.671,-103.719,-99.691,-103.834,-101.036,-100.788,-101.842,-102.809,-102.304,-103.768,-102.091,-103.014,-101.443,-99.807,-102.437,-100.670,-101.816,-103.741,-100.845,-100.645,-104.662,-99.618,-98.631,-101.286,-102.637,-101.057,-103.109,-102.129,-103.693
317.147,101.857,-103.150,-102.263,-100.655,-102.141,-101.726,-100.355,-100.848,-100.615,-100.778,-102.992,-101.505,-101.552,-101.417,-102.024,-99.385,-102.647,-100.517,-104.402,-100.562,-100.373,-103.211,-101.038,-102.509,-100.251,-100.687,-102.577,-101.513,-105.148,-101.402,-100.669,-99.270,-102.780,-101.374,-101.493,-100.842,-101.109,-100.546,-98.321,-103.726,-102.096,-101.411,-101.945,-102.101,-102.580,-100.600,-103.257,-102.069,-101.285,-103.466,-101.287,-101.926,-102.242,-98.590,-100.909,-100.943,-102.531,-103.636,-101.716,-102.196,-101.534,-101.698,-101.402,-102.047,-102.644,-98.480,-101.016,-103.828,-98.217,-99.961,-98.424,-103.252,-104.102,-102.876,-102.451,-103.075,-101.407,-100.538,-103.517,-102.385,-100.535,-101.969,-103.312,-100.229,-101.047,-100.634,-99.528,-100.604,-102.504,-98.222,-103.098,-101.339,-101.191,-101.862,-99.879,-99.700,-100.117,-102.822,-102.289,-104.198,-101.515,-99.805
123.437,107.237,-100.461,-99.698,-101.879,-101.054,-101.093,-100.751,-102.753,-101.803,-101.163,-101.204,-102.987,-100.539,-98.447,-101.893,-100.410,-101.773,-103.688,-101.481,-100.854,-102.398,-103.296,-101.026,-98.843,-99.115,-100.929,-102.088,-100.469,-101.153,-102.632,-100.694,-101.860,-103.280,-101.917,-101.237,-99.547,-102.130,-101.697,-102.069,-101.386,-101.640,-100.730,-102.495,-99.921,-101.999,-102.198,-101.368,-102.884,-101.623,-102.984,-100.280,-102.538,-101.573,-102.660,-103.321,-100.308,-97.823,-101.947,-98.127,-99.732,-101.701,-100.061,-101.816,-100.465,-99.525,-99.926,-100.981,-100.521,-101.056,-100.896,-103.291,-100.577,-102.664,-105.380,-100.736,-100.365,-98.572,-101.663,-100.369,-104.371,-100.349,-101.386,-101.369,-100.410,-100.093,-101.559,-103.677,-103.960,-99.708,-98.928,-102.138,-98.965,-103.237,-101.280,-102.505,-105.190,-103.122,-102.317,-100.961,-102.570,-100.564,-102.380
144.960,107.237,-100.569,-99.141,-100.220,-103.407,-100.342,-103.248,-103.535,-103.083,-102.764,-102.426,-103.491,-103.445,-104.465,-100.967,-104.985,-100.477,-103.282,-99.876,-102.306,-101.803,-103.174,-101.625,-100.302,-98.289,-102.185,-102.590,-101.591,-101.568,-100.837,-100.519,-102.985,-100.975,-102.289,-101.143,-101.745,-100.890,-100.060,-99.932,-100.413,-103.461,-101.342,-103.346,-101.624,-100.810,-98.955,-98.285,-98.288,-100.211,-101.800,-101.017,-101.780,-99.100,-98.237,-101.187,-101.427,-102.490,-102.666,-103.026,-101.093,-99.309,-100.701,-100.596,-102.916,-100.377,-101.132,-101.845,-100.944,-102.393,-98.952,-101.320,-102.019,-101.175,-100.874,-99.327,-103.877,-100.164,-102.845,-100.494,-101.570,-102.618,-100.283,-101.113,-102.481,-101.033,-98.337,-103.942,-104.055,-101.799,-102.479,-101.267,-100.862,-101.544,-101.218,-101.155,-101.853,-101.661,-102.882,-101.632,-102.349,-100.272,-101.199
166.484,107.237,-101.245,-101.151,-103.015,-101.028,-101.877,-99.109,-100.306,-102.441,-103.307,-101.910,-101.059,-103.691,-101.371,-100.965,-100.489,-99.581,-100.880,-100.716,-98.811,-100.424,-102.314,-102.289,-100.059,-99.127,-102.756,-101.213,-100.937,-98.786,-101.664,-103.149,-101.622,-99.968,-101.190,-101.080,-101.431,-100.102,-97.965,-100.070,-103.140,-101.663,-101.539,-103.288,-102.868,-101.783,-101.404,-103.479,-102.122,-100.309,-102.112,-102.894,-99.990,-100.677,-101.540,-101.226,-103.158,-101.024,-102.055,-102.608,-105.766,-102.431,-100.562,-102.961,-99.282,-100.659,-101.603,-102.747,-101.334,-100.665,-100.591,-99.875,-99.756,-103.170,-101.454,-101.686,-100.605,-102.569,-99.410,-100.365,-101.304,-102.221,-100.054,-99.905,-99.330,-102.855,-103.421,-101.526,-101.687,-100.405,-102.555,-101.893,-102.262,-101.062,-98.579,-100.347,-100.926,-100.271,-103.309,-100.969,-100.929,-103.457,-99.847
188.007,107.237,-97.592,-100.451,-101.088,-101.259,-101.313,-99.434,-100.506,-103.682,-101.294,-102.598,-99.707,-103.781,-102.016,-102.358,-101.264,-102.146,-100.496,-100.811,-100.062,-101.588,-101.329,-101.720,-101.647,-99.481,-100.148,-101.484,-99.812,-101.837,-101.313,-103.240,-103.357,-103.044,-101.424,-100.584,-101.598,-100.854,-103.606,-102.632,-103.787,-101.275,-103.189,-100.338,-101.197,-100.523,-104.964,-103.278,-99.443,-104.304,-99.600,-101.574,-100.766,-100.984,-100.033,-100.462,-100.122,-101.808,-101.829,-102.289,-99.102,-104.230,-101.792,-102.250,-98.269,-101.576,-101.049,-101.759,-102.457,-101.063,-103.290,-100.665,-100.614,-104.114,-101.129,-100.819,-98.764,-98.699,-98.593,-103.286,-101.246,-101.087,-102.889,-102.035,-102.352,-104.257,-99.758,-102.385,-102.990,-101.881,-100.843,-102.607,-102.208,-103.058,-101.906,-100.098,-100.783,-99.735,-101.116,-100.777,-103.421,-103.054,-99.896
209.530,107.237,-102.093,-98.107,-101.550,-102.475,-102.421,-100.906,-102.179,-98.303,-103.880,-101.629,-101.834,-101.180,-101.250,-99.877,-102.563,-102.059,-100.152,-97.597,-101.540,-101.324,-99.826,-100.584,-101.758,-101.104,-100.690,-100.384,-101.273,-98.843,-101.084,-101.903,-102.949,-102.504,-102.447,-101.435,-101.245,-102.994,-102.228,-101.407,-102.290,-100.628,-102.152,-103.058,-99.405,-102.701,-101.962,-102.077,-101.886,-99.903,-104.116,-102.400,-101.557,-102.212,-99.919,-99.566,-99.667,-99.766,-100.528,-100.370,-99.485,-99.284,-102.564,-99.463,-102.162,-103.141,-101.657,-102.046,-99.214,-103.672,-102.865,-101.711,-103.064,-101.289,-101.361,-103.225,-102.064,-102.831,-104.768,-101.437,-102.095,-101.893,-103.429,-102.100,-105.042,-101.413,-101.282,-102.104,-102.200,-102.671,-100.347,-100.352,-102.158,-103.162,-100.069,-101.221,-102.736,-102.513,-101.548,-102.409,-101.080,-101.990,-101.310
231.054,107.237,-100.976,-101.809,-102.625,-103.343,-100.328,-102.966,-99.481,-102.172,-99.242,-101.516,-102.253,-101.909,-100.187,-102.143,-100.750,-102.260,-101.938,-102.627,-102.579,-104.546,-101.712,-103.533,-101.293,-102.767,-101.143,-100.144,-100.937,-102.035,-98.672,-98.928,-101.207,-101.649,-101.277,-101.206,-101.431,-100.575,-102.699,-99.018,-99.067,-102.292,-101.842,-100.979,-100.916,-102.260,-100.543,-102.368,-101.619,-103.135,-101.138,-100.836,-99.575,-102.108,-102.060,-101.297,-103.744,-99.735,-102.344,-102.666,-102.763,-103.103,-101.065,-101.933,-100.360,-104.243,-100.604,-99.104,-101.281,-101.655,-100.744,-104.792,-101.585,-101.974,-102.054,-101.775,-103.074,-98.838,-102.811,-100.265,-100.787,-103.314,-99.161,-100.720,-99.965,-102.866,-103.391,-102.116,-98.118,-99.264,-100.883,-101.542,-100.832,-100.879,-103.353,-102.819,-101.403,-101.862,-101.600,-100.654,-100.720,-100.163,-100.611
252.577,107.237,-103.723,-99.115,-98.956,-101.316,-103.240,-101.281,-101.794,-105.122,-103.219,-101.842,-101.258,-102.864,-100.185,-100.828,-99.936,-102.522,-98.476,-102.622,-100.648,-101.962,-102.058,-98.362,-101.342,-99.717,-101.248,-103.493,-102.548,-100.188,-100.122,-100.414,-103.665,-100.897,-103.676,-102.264,-103.490,-100.100,-100.701,-102.491,-104.264,-101.716,-102.055,-102.242,-102.920,-99.536,-99.740,-100.840,-103.000,-100.893,-102.609,-100.870,-101.593,-102.219,-101.312,-104.189,-102.088,-101.396,-101.303,-100.470,-98.943,-99.567,-100.006,-102.134,-102.501,-100.764,-99.761,-101.143,-99.516,-101.768,-99.219,-101.943,-101.977,-101.649,-102.349,-103.660,-102.305,-99.820,-101.943,-102.769,-101.596,-101.766,-102.851,-102.380,-99.038,-100.933,-100.792,-101.944,-100.160,-100.867,-100.955,-101.841,-101.429,-100.045,-99.258,-102.544,-102.661,-101.256,-102.139,-102.836,-100.990,-101.500,-102.875
274.100,107.237,-102.695,-99.697,-101.641,-100.628,-102.048,-99.510,-102.314,-102.037,-101.791,-100.171,-101.574,-103.039,-101.896,-103.350,-104.332,-101.805,-100.580,-100.728,-101.748,-101.418,-101.967,-101.457,-102.123,-103.059,-101.650,-101.607,-101.578,-102.755,-101.521,-99.413,-99.769,-101.258,-101.647,-101.382,-103.906,-99.086,-101.961,-100.879,-102.391,-102.618,-101.111,-97.607,-95.686,-101.890,-102.005,-102.952,-100.801,-102.030,-103.230,-101.605,-99.982,-99.430,-102.520,-103.651,-100.467,-102.665,-102.701,-100.836,-100.418,-101.355,-101.493,-102.730,-102.930,-103.033,-100.738,-99.743,-104.169,-101.828,-100.891,-100.801,-101.480,-101.002,-101.119,-101.018,-100.585,-100.763,-102.467,-99.843,-103.565,-102.503,-102.115,-101.672,-101.266,-102.887,-102.922,-101.279,-99.985,-101.406,-103.102,-101.778,-100.003,-100.958,-99.747,-100.100,-102.469,-102.761,-99.919,-101.860,-99.444,-101.366,-101.796
295.624,107.237,-100.111,-99.213,-101.398,-99.462,-103.635,-104.403,-103.013,-102.004,-102.723,-102.108,-102.195,-102.061,-103.195,-102.883,-98.557,-103.446,-100.480,-100.933,-99.707,-100.384,-101.497,-101.595,-99.871,-99.519,-97.554,-103.361,-99.567,-101.842,-99.516,-101.075,-102.938,-101.792,-100.087,-101.838,-101.804,-102.012,-100.359,-101.903,-100.852,-101.728,-101.256,-103.185,-100.115,-102.261,-101.619,-100.367,-103.534,-101.563,-101.348,-99.631,-101.345,-101.839,-100.016,-101.397,-99.767,-100.092,-101.077,-101.942,-103.124,-101.696,-103.977,-101.377,-100.206,-100.935,-103.884,-101.717,-102.756,-101.019,-101.488,-99.656,-100.761,-101.295,-101.909,-102.910,-100.546,-101.523,-100.703,-98.447,-102.830,-101.409,-103.449,-99.780,-102.697,-103.189,-100.282,-100.281,-99.764,-100.360,-101.459,-101.254,-100.508,-101.933,-99.473,-102.104,-103.216,-101.968,-101.042,-100.243,-100.648,-98.848,-101.533
317.147,107.237,-101.536,-101.027,-101.494,-102.242,-102.327,-99.819,-101.605,-102.456,-103.168,-101.247,-98.415,-101.221,-100.738,-101.002,-102.115,-101.796,-101.018,-100.313,-100.345,-103.256,-100.343,-101.776,-99.769,-100.918,-100.030,-102.005,-102.227,-100.475,-100.064,-101.318,-100.640,-101.105,-104.258,-101.352,-101.515,-100.409,-101.459,-102.012,-103.661,-102.231,-101.164,-99.544,-102.435,-102.915,-101.703,-101.446,-103.805,-100.978,-100.531,-101.080,-100.691,-102.618,-102.143,-101.697,-100.964,-100.710,-102.152,-100.300,-101.288,-101.264,-99.848,-98.832,-103.201,-102.401,-100.483,-99.367,-101.322,-102.127,-100.137,-100.639,-101.379,-100.932,-103.318,-102.290,-104.184,-101.491,-99.469,-98.862,-99.003,-101.816,-102.141,-102.246,-99.576,-102.884,-102.476,-100.530,-100.286,-101.568,-101.583,-102.435,-102.140,-102.590,-98.711,-100.391,-102.629,-102.291,-100.769,-101.718,-102.342,-103.207,-101.239
123.437,112.617,-101.769,-98.851,-100.985,-102.461,-103.522,-102.260,-99.625,-99.462,-102.192,-101.039,-101.532,-102.566,-100.708,-101.469,-101.693,-103.241,-101.061,-100.235,-100.944,-101.607,-101.887,-101.964,-100.071,-99.293,-102.962,-101.641,-103.903,-100.757,-100.426,-99.671,-102.181,-101.891,-100.164,-98.345,-100.301,-101.932,-103.108,-101.712,-99.995,-97.586,-103.565,-103.909,-100.811,-101.155,-100.939,-100.555,-102.551,-101.802,-103.913,-100.844,-101.936,-100.087,-101.906,-101.392,-99.358,-102.478,-102.816,-102.421,-101.018,-101.446,-102.252,-103.870,-101.105,-103.300,-101.799,-101.851,-102.616,-103.064,-102.219,-102.430,-102.028,-100.917,-101.541,-102.702,-103.752,-103.613,-99.912,-101.979,-101.006,-103.812,-98.847,-102.948,-102.624,-99.547,-101.904,-98.917,-101.547,-101.796,-99.879,-101.908,-100.865,-103.904,-102.354,-102.143,-102.523,-101.954,-101.929,-100.820,-101.194,-100.786,-100.815
144.960,112.617,-98.176,-103.103,-101.324,-100.918,-101.021,-101.709,-101.612,-102.186,-102.480,-100.507,-101.184,-100.630,-100.137,-101.274,-101.180,-101.966,-100.063,-101.424,-103.617,-100.542,-103.220,-102.635,-100.551,-102.135,-100.260,-99.875,-101.354,-101.065,-101.519,-101.048,-101.586,-102.442,-103.307,-100.414,-101.977,-99.719,-99.922,-101.412,-100.429,-103.857,-100.238,-101.734,-101.664,-104.491,-101.623,-99.207,-99.320,-99.891,-102.936,-102.468,-98.685,-102.471,-101.635,-102.330,-101.596,-101.797,-98.885,-99.510,-100.730,-101.724,-98.041,-100.558,-101.572,-101.469,-102.245,-103.546,-99.748,-100.677,-104.153,-100.721,-103.121,-102.265,-100.169,-99.538,-100.702,-103.133,-101.379,-101.342,-101.008,-103.295,-102.809,-102.287,-102.215,-99.373,-100.251,-100.183,-103.569,-100.236,-100.834,-102.272,-101.281,-99.055,-103.842,-101.198,-100.593,-101.843,-102.264,-102.030,-102.606,-101.622,-103.257
166.484,112.617,-101.134,-102.724,-99.318,-102.948,-103.928,-102.566,-102.913,-100.652,-101.539,-100.962,-101.257,-98.893,-101.738,-100.423,-102.080,-100.759,-100.650,-101.777,-100.307,-102.645,-103.177,-100.272,-103.117,-101.332,-104.229,-102.762,-104.656,-99.748,-100.973,-100.857,-103.102,-101.668,-101.525,-102.454,-100.775,-102.848,-99.916,-102.619,-101.037,-104.883,-99.737,-102.832,-104.916,-102.922,-102.676,-101.324,-100.720,-101.079,-102.560,-104.037,-101.573,-102.065,-102.180,-101.719,-103.938,-98.251,-101.248,-103.372,-102.590,-103.450,-99.881,-101.320,-100.472,-101.417,-102.461,-102.761,-101.906,-103.177,-103.155,-101.509,-103.465,-101.756,-100.870,-98.852,-101.266,-100.982,-102.539,-102.021,-102.976,-103.104,-101.653,-97.093,-99.454,-102.685,-100.432,-102.013,-101.434,-101.822,-101.132,-98.649,-101.927,-101.224,-101.487,-102.282,-101.267,-99.756,-101.405,-100.184,-101.162,-103.588,-102.641
188.007,112.617,-100.039,-101.816,-103.431,-100.943,-102.541,-102.691,-101.840,-100.819,-102.459,-102.466,-104.215,-100.564,-100.467,-102.098,-102.663,-104.257,-100.440,-102.578,-101.257,-100.413,-101.383,-100.137,-100.318,-100.624,-101.745,-101.492,-101.463,-102.860,-100.747,-102.384,-99.061,-102.592,-101.017,-100.396,-100.939,-100.482,-102.264,-101.046,-100.619,-100.737,-104.518,-102.302,-101.960,-102.661,-103.134,-101.886,-101.940,-102.648,-102.855,-100.011,-102.026,-99.046,-100.574,-101.505,-103.480,-100.390,-100.434,-100.918,-97.342,-101.229,-102.004,-103.199,-102.887,-99.143,-101.503,-103.343,-102.089,-103.185,-102.050,-103.012,-105.141,-101.828,-99.966,-100.982,-100.256,-101.152,-102.926,-102.543,-102.660,-101.485,-101.808,-101.786,-101.897,-101.505,-101.566,-101.965,-102.539,-101.801,-100.317,-99.766,-104.324,-101.322,-102.444,-103.092,-101.416,-102.453,-105.030,-101.741,-100.974,-102.506,-101.067
209.530,112.617,-102.939,-98.067,-101.910,-100.715,-101.706,-101.546,-101.348,-100.128,-102.904,-103.161,-97.714,-99.099,-102.322,-101.867,-101.884,-101.747,-102.553,-103.334,-102.901,-102.211,-101.774,-102.121,-104.565,-101.754,-99.310,-102.338,-99.512,-100.206,-101.433,-103.010,-103.308,-101.481,-103.176,-102.533,-99.576,-103.112,-101.735,-103.162,-103.360,-101.418,-101.407,-99.373,-102.577,-102.335,-102.401,-101.269,-100.196,-100.056,-99.620,-99.485,-102.622,-99.164,-100.975,-101.554,-102.922,-99.914,-102.427,-103.159,-102.605,-99.206,-100.771,-102.648,-102.863,-101.628,-100.340,-98.456,-100.729,-101.309,-102.463,-101.830,-102.189,-101.226,-100.408,-99.202,-105.541,-100.611,-101.452,-99.868,-100.602,-102.706,-103.464,-101.468,-101.570,-101.548,-104.916,-101.708,-101.848,-100.100,-99.205,-100.510,-100.069,-100.518,-104.253,-102.753,-99.386,-104.332,-101.934,-102.969,-102.199,-99.735,-101.992
231.054,112.617,-101.367,-99.128,-102.510,-101.010,-101.829,-101.311,-99.972,-100.209,-100.769,-101.579,-100.660,-102.647,-102.434,-101.503,-101.236,-104.505,-100.875,-102.642,-100.117,-103.093,-100.342,-101.633,-100.628,-100.283,-101.279,-100.065,-101.292,-99.829,-98.836,-103.519,-100.301,-101.565,-101.552,-102.342,-102.936,-100.192,-101.680,-100.078,-103.754,-100.829,-102.714,-103.493,-98.826,-101.151,-100.554,-99.995,-102.258,-103.175,-101.409,-99.102,-100.543,-100.942,-100.480,-100.562,-101.623,-101.276,-100.882,-101.623,-103.172,-102.505,-99.834,-101.290,-103.004,-99.932,-102.349,-102.690,-102.756,-101.913,-99.823,-98.028,-99.851,-102.559,-102.327,-102.271,-101.174,-101.092,-100.474,-100.650,-102.175,-103.128,-100.647,-101.780,-103.946,-101.958,-100.166,-99.883,-101.198,-102.232,-101.622,-100.395,-100.263,-99.773,-98.503,-101.512,-99.513,-102.016,-103.699,-103.333,-100.826,-103.087,-103.897
252.577,112.617,-100.112,-103.338,-102.752,-103.334,-102.017,-103.210,-102.116,-101.761,-99.375,-101.373,-102.537,-100.837,-100.013,-102.055,-102.631,-100.702,-101.413,-102.956,-102.648,-102.706,-102.435,-102.464,-103.433,-104.014,-100.633,-102.404,-98.410,-100.203,-101.169,-101.470,-101.106,-99.542,-100.731,-99.293,-103.558,-102.661,-100.921,-100.139,-99.777,-100.469,-103.288,-100.202,-102.505,-99.448,-101.162,-102.141,-102.635,-101.622,-104.206,-99.561,-101.812,-101.022,-100.784,-102.299,-100.210,-105.178,-101.243,-102.586,-102.141,-102.074,-102.156,-101.151,-99.946,-102.547,-101.931,-102.731,-101.473,-99.395,-100.661,-102.040,-102.412,-102.039,-101.394,-102.208,-102.119,-101.377,-102.326,-102.702,-100.983,-100.539,-103.800,-101.603,-102.490,-100.761,-100.782,-102.397,-101.534,-102.397,-98.434,-101.906,-104.614,-100.905,-102.402,-101.285,-101.276,-100.946,-101.905,-99.172,-102.206,-101.549,-102.425
274.100,112.617,-103.189,-99.086,-99.188,-102.003,-102.282,-101.112,-99.365,-100.500,-101.622,-100.810,-102.830,-100.519,-101.678,-99.391,-102.026,-99.386,-100.578,-102.605,-99.171,-101.451,-102.450,-100.346,-101.479,-102.433,-100.519,-101.798,-101.321,-100.936,-101.358,-103.189,-101.923,-102.070,-101.756,-101.479,-101.114,-101.569,-101.378,-100.912,-101.504,-103.127,-103.147,-102.587,-101.794,-98.294,-99.961,-100.934,-101.785,-101.763,-102.421,-101.476,-99.487,-100.361,-103.079,-102.048,-103.802,-101.383,-101.229,-102.351,-101.415,-101.810,-100.976,-102.572,-99.688,-102.273,-100.650,-99.003,-102.181,-102.931,-101.228,-101.537,-102.724,-101.372,-100.548,-102.692,-103.122,-101.945,-101.288,-103.915,-102.810,-102.984,-101.922,-101.814,-101.043,-102.593,-102.602,-99.303,-100.299,-100.182,-102.046,-102.047,-101.778,-103.068,-102.996,-99.459,-101.514,-101.645,-102.492,-101.624,-101.467,-102.347,-102.217
295.624,112.617,-101.346,-100.653,-101.086,-100.962,-102.412,-101.282,-100.805,-101.968,-101.488,-101.237,-102.031,-101.801,-101.368,-102.849,-101.472,-101.483,-104.930,-102.068,-101.640,-102.033,-99.486,-101.359,-101.074,-101.425,-99.736,-100.541,-102.063,-102.414,-100.535,-102.047,-102.398,-101.685,-101.190,-100.261,-101.651,-101.486,-99.328,-103.697,-101.788,-100.711,-101.151,-102.085,-98.795,-100.420,-102.231,-104.935,-101.023,-100.900,-105.467,-103.804,-101.869,-101.402,-103.621,-104.899,-101.720,-101.288,-100.023,-100.280,-100.778,-101.026,-99.565,-102.121,-102.564,-101.510,-103.236,-101.920,-101.166,-98.844,-102.307,-104.446,-100.943,-100.549,-102.189,-104.058,-101.767,-104.056,-100.682,-101.303,-102.066,-103.072,-101.292,-101.505,-102.335,-99.864,-103.843,-103.101,-103.086,-101.543,-100.783,-102.475,-102.559,-101.456,-101.182,-101.991,-103.106,-102.899,-101.868,-101.874,-104.925,-101.569,-102.039
317.147,112.617,-102.175,-102.413,-102.111,-101.245,-98.981,-98.582,-102.090,-99.484,-100.759,-103.700,-100.218,-102.253,-101.058,-102.419,-97.824,-101.268,-100.749,-102.836,-100.354,-99.873,-100.469,-103.732,-105.035,-99.536,-102.135,-101.609,-105.214,-102.325,-100.706,-101.580,-102.281,-100.662,-101.793,-98.774,-100.176,-99.698,-101.360,-102.106,-103.971,-102.157,-101.779,-102.653,-102.738,-104.152,-102.355,-100.818,-101.867,-100.932,-99.250,-104.467,-103.756,-99.708,-100.952,-101.864,-101.360,-101.888,-100.491,-99.674,-102.259,-102.336,-98.508,-100.175,-101.781,-102.578,-101.659,-101.268,-105.143,-101.108,-101.570,-102.198,-102.149,-102.241,-99.433,-102.876,-100.998,-102.247,-103.079,-103.304,-99.626,-102.694,-101.233,-102.855,-101.720,-100.659,-101.815,-102.682,-100.534,-102.349,-102.285,-102.983,-100.051,-101.263,-98.400,-101.769,-102.750,-102.662,-100.773,-102.228,-99.518,-101.374,-102.676
123.437,117.997,-98.856,-102.651,-101.290,-102.126,-100.945,-102.529,-101.026,-102.010,-100.918,-101.149,-101.397,-100.225,-101.204,-97.587,-99.168,-99.700,-100.737,-101.252,-99.279,-102.876,-100.578,-100.533,-102.079,-100.085,-101.772,-102.555,-100.937,-101.098,-103.313,-102.946,-101.170,-103.371,-101.953,-103.638,-100.673,-102.665,-100.776,-99.472,-101.868,-102.213,-98.165,-102.146,-101.861,-102.357,-103.740,-103.273,-100.560,-99.777,-100.432,-103.441,-99.979,-99.675,-102.378,-99.517,-101.652,-101.922,-101.864,-101.553,-99.914,-102.124,-103.636,-102.029,-102.530,-100.159,-102.968,-101.656,-103.135,-101.371,-98.457,-102.371,-100.670,-101.739,-102.968,-101.105,-103.251,-103.452,-104.272,-101.648,-101.381,-101.840,-101.644,-102.038,-100.226,-99.504,-102.548,-101.810,-100.024,-101.860,-99.805,-101.553,-101.190,-104.526,-104.933,-101.655,-102.532,-103.177,-102.503,-101.449,-100.917,-101.748,-102.962
144.960,117.997,-102.633,-103.679,-100.676,-101.387,-100.818,-102.325,-102.504,-102.343,-101.187,-101.588,-99.824,-100.051,-101.912,-104.281,-102.941,-102.698,-100.699,-100.678,-99.457,-104.125,-101.464,-101.404,-100.571,-103.234,-100.307,-100.689,-100.689,-99.102,-102.463,-101.681,-99.866,-100.007,-101.442,-101.579,-100.709,-103.714,-101.169,-102.694,-100.035,-100.210,-102.923,-101.489,-99.975,-103.506,-101.434,-101.245,-103.110,-99.087,-104.858,-104.162,-101.082,-103.866,-105.520,-102.738,-101.476,-103.505,-99.902,-101.854,-101.444,-101.426,-99.244,-103.460,-98.931,-100.264,-104.077,-103.702,-104.089,-101.691,-101.159,-102.067,-102.879,-103.620,-100.837,-99.962,-102.414,-101.653,-102.657,-101.622,-101.673,-105.571,-100.473,-102.854,-101.955,-102.947,-105.971,-101.578,-99.494,-103.132,-104.271,-101.158,-102.797,-100.730,-100.238,-99.600,-100.071,-101.201,-102.668,-102.314,-102.666,-102.140,-100.745
166.484,117.997,-100.729,-101.429,-101.524,-102.753,-101.330,-99.551,-100.872,-100.492,-100.577,-100.679,-99.993,-103.086,-102.656,-101.090,-101.825,-99.164,-101.768,-101.081,-100.771,-102.241,-100.825,-100.834,-101.448,-102.728,-102.168,-99.439,-104.028,-100.233,-104.493,-102.502,-101.787,-102.085,-101.583,-101.874,-99.490,-100.461,-101.732,-101.416,-101.315,-98.553,-100.145,-101.248,-101.121,-101.927,-101.766,-100.326,-102.310,-99.337,-103.202,-103.261,-102.461,-100.886,-103.642,-101.581,-103.127,-103.663,-100.440,-102.941,-102.472,-100.850,-101.459,-100.955,-102.001,-101.697,-101.206,-101.215,-102.934,-101.423,-101.842,-101.250,-101.962,-102.866,-99.474,-105.261,-101.080,-103.060,-100.185,-101.693,-101.547,-99.206,-101.725,-100.424,-101.920,-100.259,-101.076,-99.746,-98.813,-99.991,-101.147,-100.634,-97.864,-102.209,-102.637,-101.971,-101.317,-100.565,-100.585,-102.200,-103.191,-101.909,-102.084
188.007,117.997,-100.124,-103.058,-101.706,-103.279,-101.896,-102.575,-100.118,-99.874,-99.891,-101.686,-102.314,-102.019,-100.956,-99.971,-101.188,-100.798,-100.678,-101.574,-101.828,-100.484,-103.015,-100.421,-102.388,-101.625,-101.057,-100.720,-102.344,-101.137,-100.986,-99.608,-101.317,-102.816,-104.413,-98.650,-101.795,-102.532,-102.988,-100.167,-101.320,-99.777,-99.480,-101.497,-102.845,-101.093,-101.754,-100.229,-100.714,-103.041,-104.432,-102.521,-101.973,-102.334,-103.054,-100.412,-100.691,-101.940,-98.869,-102.147,-103.489,-103.151,-102.651,-99.492,-99.889,-99.126,-98.815,-102.891,-103.048,-102.049,-100.386,-101.351,-102.359,-100.676,-101.670,-103.535,-101.876,-102.878,-101.801,-103.496,-101.750,-101.441,-102.950,-102.074,-101.568,-101.978,-98.909,-100.864,-102.768,-101.490,-100.652,-102.349,-102.392,-100.452,-101.849,-100.151,-103.109,-101.790,-101.277,-103.821,-100.014,-100.816,-102.347
209.530,117.997,-101.848,-100.929,-101.842,-101.258,-101.587,-100.291,-100.041,-104.493,-102.092,-102.489,-101.450,-101.373,-101.154,-102.090,-102.571,-102.669,-100.661,-101.231,-102.514,-103.816,-101.511,-101.554,-101.527,-101.019,-98.192,-101.682,-100.388,-101.948,-100.076,-103.034,-102.892,-101.347,-99.933,-99.987,-101.357,-100.244,-100.311,-101.138,-103.039,-99.459,-100.170,-100.715,-102.101,-101.087,-100.862,-102.028,-99.127,-102.224,-100.824,-101.424,-101.744,-98.466,-101.624,-101.393,-100.215,-100.428,-101.372,-101.026,-100.693,-101.506,-102.200,-102.137,-101.965,-102.861,-103.506,-102.294,-104.467,-103.629,-101.297,-100.496,-102.020,-101.050,-102.726,-101.924,-101.711,-103.064,-99.048,-102.834,-102.505,-103.622,-97.637,-101.887,-101.747,-102.928,-100.399,-101.038,-100.831,-101.952,-102.088,-99.567,-99.343,-101.294,-100.694,-98.735,-103.388,-101.574,-105.438,-102.272,-102.156,-103.249,-102.686
231.054,117.997,-100.185,-100.531,-101.368,-102.272,-102.783,-101.355,-103.215,-103.394,-101.749,-101.920,-101.340,-102.215,-102.463,-101.455,-100.503,-99.332,-101.361,-102.950,-100.656,-100.725,-100.280,-100.947,-100.673,-101.553,-103.154,-99.995,-99.738,-102.493,-102.617,-100.998,-99.653,-102.050,-100.282,-101.897,-100.355,-101.982,-102.357,-101.737,-104.167,-100.639,-101.554,-100.680,-102.214,-100.897,-103.053,-101.279,-102.606,-99.787,-102.340,-102.795,-100.950,-101.367,-97.615,-100.302,-101.614,-104.799,-100.406,-103.620,-102.972,-101.429,-99.181,-102.049,-100.660,-99.999,-100.525,-100.565,-102.102,-99.711,-99.434,-101.349,-102.042,-103.205,-103.063,-100.417,-101.567,-104.142,-102.826,-101.764,-100.568,-100.222,-101.763,-100.258,-101.075,-101.674,-101.804,-100.050,-101.615,-101.949,-102.783,-99.898,-100.183,-102.230,-101.693,-100.612,-103.725,-99.799,-102.730,-100.569,-102.195,-101.532,-98.694
252.577,117.997,-103.293,-102.118,-102.610,-102.223,-102.783,-101.348,-101.487,-102.180,-102.428,-102.955,-99.143,-99.599,-102.864,-100.871,-99.954,-100.064,-100.826,-102.635,-104.401,-101.211,-98.941,-100.783,-103.463,-99.122,-100.461,-102.477,-102.972,-103.700,-101.824,-99.618,-102.480,-101.446,-100.767,-101.646,-101.974,-102.428,-100.823,-101.529,-103.272,-101.174,-101.743,-104.346,-101.297,-101.197,-101.076,-99.603,-103.229,-101.357,-101.101,-101.992,-100.659,-102.255,-100.575,-101.958,-102.745,-104.550,-99.906,-100.345,-103.779,-102.165,-100.168,-100.761,-101.846,-100.924,-100.273,-101.639,-102.083,-102.450,-102.425,-101.187,-100.810,-102.081,-102.752,-100.347,-100.620,-102.824,-100.156,-100.788,-97.878,-102.790,-103.698,-102.859,-102.240,-99.266,-99.554,-98.441,-101.210,-101.752,-100.864,-98.015,-102.340,-102.974,-101.848,-100.868,-103.517,-100.335,-100.841,-102.024,-102.803,-102.121,-100.939
274.100,117.997,-101.038,-101.516,-98.999,-100.463,-103.874,-100.905,-101.577,-99.428,-101.246,-102.134,-100.410,-102.278,-99.177,-101.356,-101.340,-100.559,-99.853,-101.454,-100.145,-101.677,-100.884,-98.890,-99.053,-101.706,-101.676,-102.337,-99.479,-102.071,-104.156,-103.795,-100.903,-102.633,-101.152,-101.875,-101.380,-102.366,-100.871,-100.660,-101.137,-102.405,-100.845,-102.474,-100.441,-101.741,-101.540,-101.747,-101.769,-100.159,-99.097,-98.234,-100.585,-102.996,-101.808,-99.824,-100.467,-99.655,-99.224,-102.100,-103.294,-100.722,-101.618,-103.340,-102.533,-101.094,-100.092,-101.289,-101.282,-100.517,-100.963,-100.274,-102.839,-99.318,-100.585,-101.689,-102.452,-103.699,-104.249,-102.610,-100.775,-101.167,-102.032,-102.712,-101.709,-102.366,-100.297,-100.860,-101.642,-103.787,-103.814,-103.289,-100.600,-99.969,-101.070,-98.828,-101.282,-101.300,-102.765,-101.936,-100.709,-100.249,-102.300
295.624,117.997,-101.382,-103.071,-102.047,-101.957,-102.486,-99.684,-101.806,-101.111,-102.788,-102.760,-101.101,-100.836,-99.458,-103.440,-99.412,-101.604,-100.679,-99.736,-104.015,-102.319,-101.762,-98.778,-103.055,-100.810,-104.306,-102.049,-100.176,-102.531,-101.138,-101.403,-100.103,-100.427,-102.412,-102.469,-101.399,-104.573,-102.239,-99.193,-98.447,-99.780,-102.554,-100.947,-100.846,-102.636,-100.974,-98.992,-100.280,-101.469,-101.741,-101.931,-101.260,-101.155,-101.823,-102.028,-102.157,-99.279,-100.087,-100.817,-102.012,-101.965,-102.683,-103.613,-103.300,-100.293,-100.342,-101.961,-102.286,-102.591,-99.703,-103.205,-101.822,-99.789,-101.505,-103.974,-102.745,-103.221,-101.713,-100.863,-101.231,-101.818,-101.248,-100.560,-103.070,-102.533,-105.768,-101.917,-102.125,-101.645,-99.046,-99.249,-98.320,-101.264,-98.007,-100.020,-103.116,-100.685,-103.217,-101.214,-101.174,-101.248,-101.592
317.147,117.997,-100.816,-102.560,-99.935,-100.294,-104.398,-101.685,-103.176,-98.800,-102.646,-100.895,-102.076,-101.641,-100.038,-98.561,-100.162,-101.786,-100.543,-102.001,-102.075,-102.221,-102.693,-100.701,-100.962,-98.549,-100.811,-101.745,-102.200,-99.644,-102.692,-102.503,-102.574,-102.900,-101.780,-103.909,-102.753,-101.490,-101.340,-101.930,-103.149,-102.734,-100.737,-102.914,-98.914,-104.739,-101.145,-102.640,-101.302,-102.464,-100.542,-102.160,-100.931,-101.849,-101.961,-100.824,-102.571,-104.468,-100.040,-99.615,-99.101,-103.581,-101.668,-100.532,-101.207,-101.434,-103.153,-103.143,-101.777,-101.962,-99.378,-100.562,-100.706,-99.188,-98.316,-102.587,-103.200,-99.131,-99.211,-101.619,-102.934,-102.000,-100.286,-104.406,-101.798,-101.208,-100.365,-98.618,-101.938,-101.423,-98.819,-103.507,-101.446,-101.355,-102.765,-102.089,-100.723,-102.770,-99.518,-100.005,-101.855,-101.937,-99.602
123.437,123.377,-101.836,-103.813,-103.002,-101.806,-99.291,-99.721,-100.472,-102.349,-101.386,-103.797,-99.997,-102.830,-101.646,-99.231,-101.079,-100.403,-101.157,-102.044,-101.967,-102.081,-99.201,-101.567,-100.926,-101.123,-100.808,-102.960,-102.690,-101.201,-99.800,-101.297,-103.215,-101.706,-102.134,-102.658,-101.074,-99.250,-102.689,-102.566,-102.099,-99.564,-102.291,-102.782,-99.229,-99.879,-100.285,-100.992,-100.639,-100.181,-101.922,-100.383,-100.200,-102.464,-101.451,-102.664,-101.939,-102.757,-103.156,-100.825,-99.853,-101.359,-102.605,-102.119,-101.645,-99.673,-101.396,-102.696,-102.693,-101.330,-101.794,-101.720,-102.675,-102.954,-100.407,-102.404,-102.757,-101.994,-100.610,-97.708,-102.628,-100.902,-99.538,-100.221,-102.237,-100.632,-102.387,-102.317,-101.608,-101.315,-101.567,-102.948,-100.209,-100.967,-103.068,-100.843,-100.138,-103.501,-102.732,-102.546,-101.558,-97.135,-99.783
144.960,123.377,-99.037,-103.979,-103.370,-100.669,-100.056,-100.844,-104.646,-103.851,-101.245,-97.485,-101.627,-101.983,-101.552,-102.271,-104.245,-102.449,-99.577,-101.084,-100.589,-100.976,-99.035,-102.161,-99.740,-102.083,-101.557,-101.015,-101.370,-102.567,-100.976,-100.132,-101.681,-104.743,-100.572,-100.213,-101.995,-102.014,-102.845,-102.779,-101.368,-101.693,-99.200,-100.425,-103.615,-102.021,-101.607,-102.212,-100.920,-103.017,-98.725,-99.189,-100.973,-101.180,-101.850,-102.332,-101.030,-99.343,-100.658,-102.839,-101.645,-102.741,-103.597,-100.814,-99.561,-99.949,-100.967,-101.094,-100.162,-100.251,-102.919,-101.836,-102.939,-100.083,-100.432,-102.178,-101.890,-103.406,-102.736,-101.331,-101.552,-101.179,-102.902,-100.330,-103.287,-101.663,-103.480,-100.331,-98.408,-102.003,-100.340,-102.043,-102.338,-101.240,-101.593,-101.922,-99.963,-103.170,-102.158,-101.914,-102.252,-101.815,-98.990
166.484,123.377,-100.582,-101.395,-103.167,-100.662,-100.924,-102.386,-101.784,-104.035,-103.178,-100.580,-101.677,-101.678,-101.119,-98.312,-102.793,-101.327,-101.929,-103.123,-102.029,-101.792,-104.160,-103.199,-102.598,-101.300,-101.279,-101.591,-100.840,-102.700,-102.060,-102.057,-99.833,-102.566,-101.814,-101.571,-100.512,-100.197,-100.828,-101.205,-101.625,-102.759,-101.256,-100.489,-99.151,-102.366,-101.777,-101.660,-101.654,-103.778,-102.149,-101.957,-99.763,-101.861,-99.795,-101.354,-101.916,-102.318,-102.207,-101.200,-102.163,-102.500,-106.315,-103.771,-102.731,-99.969,-101.890,-102.299,-99.402,-100.054,-101.561,-101.952,-102.077,-102.579,-103.332,-101.834,-101.504,-99.062,-100.970,-102.426,-102.020,-102.421,-98.924,-97.492,-101.141,-102.047,-101.410,-100.587,-101.018,-100.624,-101.853,-102.993,-102.364,-104.174,-99.137,-100.351,-100.970,-102.132,-101.957,-103.233,-102.876,-101.013,-101.067
188.007,123.377,-102.465,-103.001,-100.849,-102.078,-102.299,-101.788,-102.222,-103.382,-99.351,-99.811,-101.117,-102.214,-100.656,-100.019,-101.030,-104.230,-100.761,-101.864,-100.981,-99.898,-101.917,-101.202,-101.239,-101.564,-102.001,-102.347,-101.930,-102.547,-101.395,-101.385,-99.254,-102.118,-101.985,-99.720,-102.481,-100.425,-98.901,-101.713,-101.643,-101.892,-102.312,-99.748,-100.223,-100.256,-101.682,-100.800,-102.351,-102.027,-100.669,-101.318,-101.108,-99.692,-101.425,-103.535,-100.162,-101.659,-99.679,-100.923,-101.315,-101.513,-100.877,-102.492,-101.708,-101.894,-103.062,-102.264,-101.568,-101.564,-100.621,-101.500,-102.595,-103.153,-103.121,-100.460,-100.744,-102.443,-98.776,-102.116,-100.926,-99.714,-102.740,-100.892,-98.200,-101.720,-101.517,-99.774,-100.056,-103.135,-102.067,-102.595,-105.231,-100.448,-99.748,-100.292,-102.720,-101.033,-101.725,-101.164,-100.466,-101.699,-102.755
209.530,123.377,-103.960,-100.908,-102.819,-101.128,-102.284,-99.539,-100.939,-104.744,-101.177,-100.949,-99.968,-102.865,-99.543,-99.732,-101.536,-100.992,-101.185,-101.847,-102.210,-104.103,-100.656,-99.621,-100.570,-102.517,-101.912,-102.057,-102.862,-103.338,-99.246,-99.967,-101.515,-101.467,-101.756,-103.297,-101.690,-102.355,-103.215,-101.673,-100.701,-101.107,-100.845,-102.200,-102.463,-103.226,-100.293,-102.105,-102.478,-100.990,-102.485,-100.571,-102.981,-101.680,-102.599,-101.978,-104.012,-101.642,-99.616,-101.184,-102.170,-99.804,-103.229,-100.683,-102.422,-99.743,-103.368,-103.507,-99.471,-101.651,-103.459,-102.123,-102.544,-98.003,-100.880,-103.090,-102.771,-99.302,-100.526,-99.972,-100.892,-102.790,-103.349,-100.423,-103.042,-104.168,-104.218,-103.461,-99.645,-102.526,-98.828,-98.410,-101.058,-103.506,-103.021,-100.954,-103.741,-100.983,-99.655,-102.534,-100.756,-101.091,-100.663
231.054,123.377,-102.152,-101.679,-101.854,-101.736,-98.529,-100.679,-100.726,-101.659,-100.897,-104.312,-104.100,-102.050,-101.842,-102.631,-101.611,-102.488,-100.338,-100.952,-105.098,-101.640,-101.221,-103.317,-101.314,-103.910,-101.558,-103.354,-99.768,-99.168,-101.570,-101.497,-102.471,-101.506,-101.417,-101.237,-101.729,-100.921,-101.316,-103.274,-101.574,-104.701,-98.783,-101.264,-100.278,-101.234,-101.379,-99.729,-100.899,-100.881,-101.811,-100.994,-101.604,-103.536,-100.161,-100.091,-102.425,-103.262,-100.977,-98.786,-104.315,-97.711,-97.859,-101.156,-103.056,-102.812,-102.290,-101.172,-102.186,-100.388,-102.865,-101.936,-101.889,-102.548,-100.861,-101.544,-100.412,-100.755,-99.458,-101.855,-101.729,-103.103,-103.820,-103.781,-102.663,-103.031,-102.217,-99.517,-101.924,-103.432,-106.006,-100.230,-101.043,-99.455,-103.197,-99.800,-98.994,-100.968,-100.528,-100.138,-102.651,-100.566,-101.582
252.577,123.377,-101.315,-101.708,-100.446,-100.338,-101.178,-100.636,-102.913,-102.224,-100.621,-100.387,-102.744,-100.585,-103.546,-99.755,-100.868,-101.845,-101.146,-100.314,-100.545,-104.013,-103.360,-100.543,-103.394,-101.811,-99.918,-101.705,-102.298,-101.889,-101.269,-100.540,-102.188,-101.934,-101.740,-101.843,-101.785,-104.203,-101.184,-101.930,-100.513,-100.562,-101.634,-100.808,-101.092,-102.335,-101.137,-102.234,-99.760,-101.310,-100.376,-102.983,-104.894,-101.563,-102.270,-101.897,-101.272,-101.683,-101.091,-102.921,-98.730,-102.173,-100.537,-102.453,-100.753,-101.226,-103.147,-102.093,-104.325,-102.074,-101.466,-101.694,-100.513,-102.575,-98.905,-101.217,-103.612,-103.251,-102.055,-105.033,-100.241,-102.503,-102.766,-100.006,-103.763,-102.708,-100.140,-98.973,-102.169,-102.792,-100.146,-101.270,-100.386,-102.150,-103.287,-101.531,-103.075,-102.116,-100.972,-100.996,-100.409,-99.458,-101.612
274.100,123.377,-99.779,-103.055,-100.570,-100.817,-103.128,-102.010,-101.008,-100.632,-98.978,-100.286,-99.618,-101.993,-101.306,-99.347,-99.833,-102.462,-101.147,-103.568,-102.081,-101.655,-100.257,-101.089,-101.220,-101.946,-100.577,-97.266,-99.916,-102.311,-100.684,-101.417,-100.423,-101.573,-100.919,-99.843,-101.358,-100.257,-101.887,-100.947,-102.541,-98.062,-99.903,-101.433,-102.515,-103.175,-103.345,-100.550,-102.144,-103.299,-101.998,-100.134,-100.432,-101.604,-102.093,-102.487,-98.458,-100.755,-101.569,-101.352,-101.309,-101.529,-102.724,-101.509,-102.316,-101.554,-102.854,-103.679,-104.329,-102.146,-102.695,-104.607,-103.403,-101.159,-100.166,-100.997,-99.848,-100.279,-101.114,-103.826,-100.645,-100.110,-100.290,-101.983,-103.094,-103.393,-101.314,-99.785,-100.273,-100.646,-101.207,-100.487,-101.736,-99.181,-100.729,-102.180,-101.425,-102.521,-100.606,-102.191,-104.098,-101.552,-103.761
295.624,123.377,-105.505,-98.961,-103.214,-102.362,-100.794,-101.929,-101.372,-103.221,-99.874,-101.474,-101.420,-102.277,-100.110,-102.551,-100.241,-100.133,-101.996,-100.744,-100.267,-99.050,-100.071,-99.478,-100.977,-104.780,-101.938,-101.032,-101.218,-100.923,-102.748,-101.381,-100.620,-101.968,-99.515,-101.712,-101.045,-102.447,-103.427,-98.809,-101.101,-101.673,-101.412,-103.234,-103.739,-102.428,-101.867,-101.446,-99.745,-102.151,-102.468,-103.891,-99.167,-103.458,-102.371,-101.415,-102.308,-101.780,-105.132,-101.099,-100.653,-102.390,-103.755,-102.336,-103.589,-103.946,-100.942,-101.053,-102.021,-101.300,-97.841,-104.383,-103.119,-101.527,-101.185,-101.162,-101.705,-101.747,-100.825,-102.684,-102.387,-102.069,-99.658,-101.544,-102.415,-101.152,-102.354,-102.220,-101.564,-99.066,-101.028,-98.235,-100.326,-103.458,-98.010,-102.393,-103.518,-101.749,-102.673,-102.244,-101.304,-103.115,-101.880
317.147,123.377,-101.293,-98.824,-100.252,-102.424,-104.039,-99.593,-102.339,-103.125,-103.433,-104.492,-99.165,-99.322,-101.048,-101.595,-100.178,-98.828,-103.244,-103.912,-100.922,-100.927,-103.188,-101.332,-102.616,-102.104,-103.546,-99.339,-101.596,-101.627,-98.312,-102.483,-103.564,-98.988,-101.861,-103.601,-102.840,-102.260,-103.757,-101.262,-101.335,-101.090,-100.390,-99.932,-101.574,-99.177,-99.260,-99.927,-101.327,-103.573,-103.413,-100.058,-101.470,-100.355,-101.319,-101.508,-100.824,-101.746,-101.304,-98.980,-101.437,-104.190,-102.784,-100.035,-99.952,-100.677,-103.785,-97.915,-102.482,-101.743,-102.764,-100.324,-100.883,-100.992,-100.702,-101.015,-102.380,-99.641,-100.090,-102.529,-102.950,-102.266,-102.491,-100.015,-104.014,-101.451,-99.073,-102.620,-101.825,-102.956,-100.788,-101.910,-101.209,-101.592,-102.188,-99.237,-100.580,-101.114,-102.020,-100.916,-101.158,-101.379,-99.527
123.437,128.757,-102.837,-103.032,-101.556,-103.740,-99.036,-99.292,-102.145,-101.394,-102.084,-102.216,-103.803,-99.840,-100.670,-102.535,-101.337,-100.561,-101.587,-102.280,-101.782,-99.299,-101.553,-100.749,-103.694,-103.627,-102.378,-102.613,-101.979,-102.677,-100.873,-101.545,-100.765,-102.793,-99.996,-100.058,-102.285,-101.302,-101.758,-102.467,-102.048,-103.277,-101.640,-100.214,-102.002,-101.161,-99.302,-101.603,-96.245,-103.134,-101.667,-100.771,-102.990,-103.147,-100.082,-100.930,-100.804,-99.012,-99.844,-102.902,-99.506,-102.920,-102.991,-101.087,-102.069,-101.711,-101.531,-103.546,-100.551,-102.702,-102.451,-101.532,-101.044,-101.541,-101.830,-101.184,-102.685,-102.091,-104.804,-100.419,-101.987,-102.340,-102.278,-98.632,-103.817,-102.681,-103.462,-103.164,-98.891,-99.034,-101.476,-99.162,-100.828,-102.985,-103.085,-101.773,-96.164,-102.090,-102.946,-102.092,-102.979,-101.073,-103.516
144.960,128.757,-102.735,-101.415,-101.469,-102.230,-100.238,-102.975,-102.484,-101.574,-98.556,-100.813,-102.409,-101.921,-102.991,-98.867,-101.157,-100.717,-101.945,-99.386,-100.804,-102.423,-104.653,-101.727,-101.726,-100.621,-101.616,-99.091,-103.209,-102.634,-100.963,-101.551,-100.915,-99.657,-99.429,-98.812,-100.758,-101.918,-100.517,-103.756,-102.485,-102.660,-101.570,-100.039,-101.644,-98.823,-99.016,-101.287,-102.912,-101.780,-101.446,-101.622,-103.991,-98.447,-98.424,-100.793,-103.262,-102.691,-101.021,-100.858,-100.458,-101.053,-102.324,-101.873,-102.959,-100.517,-101.263,-102.495,-103.419,-100.836,-100.155,-101.733,-101.256,-102.814,-101.835,-101.762,-102.276,-101.576,-100.939,-102.651,-101.997,-97.880,-102.909,-103.634,-100.428,-101.070,-102.350,-101.127,-104.566,-102.965,-100.777,-102.868,-101.941,-102.460,-99.865,-100.949,-102.957,-103.032,-99.826,-104.047,-101.651,-100.819,-103.304
166.484,128.757,-101.329,-101.551,-103.192,-98.504,-101.589,-103.014,-102.428,-102.501,-100.947,-102.333,-101.510,-102.275,-100.188,-99.013,-99.576,-102.918,-97.700,-102.264,-102.064,-102.324,-101.280,-99.107,-99.751,-102.074,-101.978,-100.232,-99.079,-101.928,-102.290,-102.681,-102.718,-101.288,-101.460,-98.668,-102.913,-102.889,-101.559,-100.572,-100.811,-101.615,-100.670,-102.947,-101.591,-100.691,-104.744,-102.151,-102.830,-100.161,-100.802,-99.636,-101.898,-103.657,-101.817,-101.724,-102.875,-99.112,-103.419,-103.832,-100.135,-102.211,-102.258,-99.155,-100.749,-103.165,-100.772,-101.359,-100.952,-103.084,-101.596,-100.823,-102.412,-103.805,-101.663,-102.280,-98.815,-101.052,-99.436,-102.045,-101.008,-101.978,-99.664,-101.194,-100.372,-102.064,-101.388,-102.668,-100.942,-103.429,-99.531,-101.078,-103.474,-100.522,-101.028,-99.278,-99.554,-100.768,-102.565,-102.624,-102.205,-101.065,-102.077
188.007,128.757,-102.813,-104.258,-100.203,-100.172,-100.273,-100.982,-100.050,-100.591,-102.356,-103.448,-102.818,-99.974,-100.296,-103.211,-101.033,-103.088,-101.132,-98.868,-103.178,-103.513,-102.741,-102.301,-103.004,-101.840,-104.207,-102.658,-102.528,-101.917,-102.676,-103.771,-102.249,-102.744,-99.501,-99.872,-103.354,-100.516,-102.773,-101.435,-103.455,-101.704,-102.047,-99.768,-99.304,-101.203,-102.231,-99.902,-99.911,-102.790,-103.628,-102.872,-101.179,-104.003,-101.867,-101.710,-101.366,-100.006,-102.556,-102.726,-101.811,-100.026,-99.878,-101.901,-101.391,-100.570,-101.146,-100.622,-101.829,-101.902,-101.927,-102.293,-100.684,-102.696,-102.543,-102.965,-100.659,-100.647,-101.353,-102.841,-100.648,-101.345,-101.296,-102.166,-103.071,-99.247,-101.202,-105.355,-103.668,-101.222,-101.752,-101.480,-104.334,-103.038,-101.329,-99.593,-101.769,-100.378,-103.446,-100.204,-99.586,-103.257,-102.934
209.530,128.757,-102.994,-103.464,-101.940,-103.496,-100.824,-99.939,-101.120,-103.077,-102.109,-100.986,-100.542,-101.937,-101.494,-104.364,-102.203,-100.810,-103.685,-102.499,-103.266,-102.228,-101.262,-103.366,-100.897,-101.574,-99.969,-97.934,-102.018,-100.132,-102.740,-102.957,-100.387,-100.541,-100.370,-100.770,-102.634,-101.736,-99.548,-100.223,-103.234,-101.709,-101.969,-102.884,-103.845,-102.506,-103.064,-102.862,-102.553,-103.107,-100.385,-100.983,-100.805,-101.032,-102.616,-103.097,-101.251,-100.750,-100.375,-98.392,-100.622,-102.112,-102.457,-100.684,-101.943,-101.508,-101.733,-102.314,-101.677,-100.424,-104.956,-103.043,-100.692,-102.560,-100.183,-102.851,-103.375,-102.501,-100.749,-101.155,-102.193,-103.288,-105.203,-102.117,-101.152,-100.735,-102.788,-104.018,-101.273,-101.586,-103.290,-101.174,-101.215,-104.628,-103.066,-102.030,-101.513,-97.295,-102.417,-101.004,-102.651,-102.272,-102.570
231.054,128.757,-99.998,-101.740,-103.507,-101.084,-103.993,-99.997,-99.822,-102.265,-101.239,-100.984,-101.210,-101.651,-100.861,-99.832,-102.372,-100.982,-101.755,-103.935,-101.071,-102.099,-100.896,-99.436,-101.921,-102.436,-101.276,-101.762,-99.279,-102.959,-104.517,-102.101,-98.987,-103.201,-101.105,-97.488,-102.501,-100.872,-103.308,-101.690,-100.811,-100.694,-103.794,-104.001,-102.908,-104.281,-104.767,-102.492,-102.472,-101.447,-102.427,-99.688,-100.328,-99.741,-102.778,-101.464,-100.619,-101.736,-100.970,-99.225,-100.317,-103.714,-104.459,-102.285,-103.170,-100.758,-102.775,-100.635,-100.881,-103.308,-99.916,-100.839,-102.087,-102.132,-100.911,-100.499,-101.509,-103.433,-100.818,-103.279,-101.901,-102.654,-103.032,-101.849,-99.761,-98.446,-100.597,-103.089,-99.932,-101.273,-102.485,-103.347,-101.672,-101.978,-101.958,-104.565,-104.466,-102.007,-102.648,-100.138,-102.361,-101.800,-100.980
252.577,128.757,-101.310,-99.516,-100.218,-102.790,-101.320,-100.972,-103.200,-102.897,-103.262,-100.133,-102.687,-99.876,-101.142,-101.795,-103.187,-103.092,-101.138,-100.018,-102.583,-102.606,-102.154,-102.144,-101.547,-99.662,-99.930,-101.083,-102.607,-99.667,-101.916,-101.637,-102.129,-102.041,-100.161,-101.702,-103.516,-102.081,-101.415,-102.851,-101.275,-101.039,-102.407,-101.409,-99.163,-100.616,-102.272,-102.979,-102.773,-100.491,-101.268,-103.135,-103.786,-103.518,-102.461,-101.273,-102.819,-100.717,-98.871,-103.124,-101.246,-100.085,-100.211,-102.690,-101.330,-101.455,-102.875,-101.433,-101.277,-101.856,-101.518,-103.351,-104.086,-104.017,-104.317,-104.044,-105.293,-100.681,-101.510,-102.053,-102.196,-100.205,-99.787,-102.611,-101.330,-101.685,-101.573,-100.981,-101.622,-102.539,-97.883,-101.102,-101.275,-101.755,-101.276,-103.529,-100.867,-98.230,-100.904,-101.215,-101.348,-101.627,-102.304
274.100,128.757,-103.259,-101.471,-104.236,-103.152,-102.070,-101.937,-100.890,-100.799,-104.327,-103.429,-101.099,-101.154,-101.706,-101.113,-99.825,-102.219,-100.843,-101.270,-100.707,-105.055,-102.405,-99.504,-100.601,-100.197,-102.905,-103.243,-100.874,-101.628,-102.560,-102.304,-103.030,-101.259,-103.602,-100.004,-102.769,-102.712,-101.116,-102.345,-99.939,-100.511,-100.889,-101.853,-99.345,-104.388,-100.933,-100.580,-102.373,-102.482,-100.172,-99.834,-100.694,-100.742,-100.112,-103.127,-102.350,-101.586,-102.909,-102.585,-101.482,-101.197,-100.490,-103.413,-101.567,-103.534,-100.969,-102.918,-100.264,-102.822,-102.222,-102.868,-103.226,-104.319,-101.186,-99.542,-102.102,-102.202,-102.282,-99.513,-103.847,-101.827,-100.566,-102.433,-103.782,-101.132,-100.707,-103.160,-98.780,-99.908,-103.635,-103.272,-99.254,-102.157,-102.398,-99.614,-100.390,-98.421,-99.284,-102.352,-99.720,-102.882,-100.333
295.624,128.757,-103.727,-102.445,-101.784,-100.393,-99.646,-101.768,-99.376,-99.753,-100.569,-101.400,-101.834,-102.412,-102.186,-102.738,-103.035,-100.147,-104.745,-100.175,-100.112,-102.067,-100.737,-102.829,-98.636,-99.610,-100.088,-99.744,-99.647,-100.084,-98.953,-99.208,-101.616,-103.110,-101.506,-104.208,-100.750,-101.606,-103.425,-100.494,-99.960,-101.535,-101.965,-101.130,-101.811,-101.047,-101.412,-99.961,-100.154,-101.289,-103.769,-100.745,-102.579,-101.152,-101.656,-100.444,-100.445,-98.833,-100.550,-103.233,-101.950,-104.267,-103.336,-103.879,-100.177,-102.025,-101.955,-102.310,-101.365,-101.494,-101.927,-103.453,-101.650,-104.213,-102.588,-101.015,-101.341,-101.426,-103.781,-101.753,-99.850,-99.899,-98.495,-103.411,-104.403,-101.556,-101.795,-100.198,-100.473,-99.126,-100.374,-102.554,-100.787,-98.704,-101.938,-102.128,-102.122,-102.502,-103.985,-103.802,-99.104,-101.379,-105.083
317.147,128.757,-101.510,-101.688,-99.953,-100.800,-100.840,-100.863,-102.983,-101.340,-101.427,-101.898,-101.240,-103.734,-101.586,-103.867,-99.556,-101.646,-103.129,-101.077,-102.935,-101.715,-102.663,-101.042,-100.915,-101.253,-100.616,-101.998,-102.123,-101.210,-99.243,-102.267,-101.872,-102.063,-100.770,-101.378,-102.016,-100.976,-101.500,-101.892,-99.854,-103.064,-102.890,-97.875,-102.289,-98.656,-101.773,-100.744,-102.129,-102.276,-101.481,-103.353,-101.473,-102.625,-102.550,-103.214,-101.643,-101.328,-101.027,-100.280,-101.692,-98.500,-100.391,-103.120,-101.223,-102.796,-100.828,-102.200,-102.258,-101.597,-102.533,-99.320,-102.398,-101.657,-100.983,-100.709,-103.629,-102.984,-100.540,-101.060,-99.849,-100.811,-99.797,-99.980,-99.774,-101.002,-103.948,-101.129,-101.961,-103.615,-99.535,-100.791,-101.009,-100.420,-101.890,-101.866,-100.858,-102.021,-102.218,-102.653,-100.140,-100.396,-99.645
123.437,134.137,-100.333,-102.561,-101.505,-100.940,-101.083,-100.802,-99.943,-102.002,-101.132,-101.764,-100.271,-103.012,-104.597,-103.551,-102.334,-99.866,-102.614,-102.861,-101.615,-100.111,-101.588,-101.289,-98.116,-102.236,-102.920,-101.945,-101.057,-101.687,-100.790,-100.618,-100.442,-101.353,-101.033,-99.498,-100.463,-103.045,-99.773,-101.812,-99.803,-101.713,-99.160,-101.341,-102.127,-101.309,-103.356,-101.858,-100.244,-100.086,-101.353,-100.000,-99.473,-100.645,-103.893,-98.858,-100.461,-101.937,-100.812,-99.786,-101.441,-103.160,-103.448,-103.526,-103.414,-101.213,-99.243,-99.557,-100.286,-103.852,-100.851,-100.603,-100.594,-101.307,-100.863,-102.041,-100.398,-100.057,-103.697,-101.427,-101.453,-102.535,-101.324,-99.811,-101.500,-99.225,-103.449,-101.140,-99.735,-103.311,-102.312,-101.671,-101.186,-101.200,-103.107,-100.240,-101.609,-102.596,-100.049,-101.220,-102.232,-100.616,-100.253
144.960,134.137,-99.962,-103.804,-101.873,-100.904,-98.987,-102.003,-101.530,-103.223,-103.940,-102.197,-101.360,-101.077,-103.519,-101.434,-101.527,-102.939,-104.256,-100.539,-100.662,-102.934,-102.508,-104.544,-99.066,-102.490,-99.691,-101.013,-99.754,-102.624,-100.525,-102.256,-100.889,-102.500,-100.844,-102.336,-101.759,-101.343,-102.328,-100.757,-101.797,-100.837,-102.734,-101.243,-102.903,-101.291,-101.547,-103.438,-102.578,-103.470,-100.032,-100.865,-102.801,-101.051,-100.179,-102.084,-101.074,-104.427,-98.589,-101.356,-99.679,-102.226,-102.990,-102.446,-100.070,-102.021,-100.655,-99.757,-101.263,-98.120,-102.126,-100.482,-102.090,-99.915,-103.104,-100.838,-103.996,-100.499,-102.168,-100.299,-102.868,-101.579,-99.634,-100.428,-101.717,-100.827,-98.380,-100.195,-102.268,-101.713,-103.326,-99.525,-102.077,-102.984,-100.743,-100.637,-101.726,-101.838,-102.321,-101.113,-101.714,-101.592,-101.794
166.484,134.137,-101.701,-103.376,-100.396,-102.251,-100.643,-103.705,-98.042,-96.985,-101.380,-100.957,-100.122,-101.252,-102.193,-101.513,-102.923,-101.822,-100.399,-102.569,-101.389,-102.603,-102.082,-101.929,-102.179,-100.402,-101.824,-101.853,-101.338,-100.469,-98.026,-99.769,-100.455,-103.626,-101.998,-102.153,-102.401,-102.921,-103.093,-101.284,-103.034,-103.175,-102.110,-102.271,-101.275,-100.027,-101.437,-98.808,-101.472,-98.590,-103.101,-103.568,-97.951,-97.315,-101.116,-101.951,-100.548,-98.712,-101.064,-99.929,-102.392,-100.903,-100.423,-101.150,-99.452,-100.783,-102.055,-102.641,-101.580,-102.342,-102.269,-101.553,-99.966,-99.959,-102.617,-102.678,-102.307,-104.244,-102.962,-101.927,-102.727,-102.277,-100.682,-101.884,-105.059,-100.291,-103.745,-100.681,-101.858,-100.406,-100.624,-102.540,-100.952,-100.937,-101.094,-99.529,-103.270,-102.313,-100.821,-99.931,-102.209,-103.939,-104.121
188.007,134.137,-101.633,-103.318,-102.146,-102.840,-101.127,-102.948,-100.817,-102.451,-99.663,-99.807,-101.959,-98.434,-103.256,-100.830,-100.190,-100.318,-102.189,-102.848,-103.018,-102.956,-102.544,-101.300,-101.370,-102.126,-101.622,-101.880,-103.363,-101.125,-103.489,-99.912,-102.345,-100.837,-102.565,-102.655,-101.302,-102.777,-102.028,-100.296,-101.619,-101.829,-99.030,-100.599,-101.913,-101.952,-100.186,-103.085,-101.221,-101.316,-101.470,-102.395,-103.491,-103.622,-102.162,-103.103,-101.341,-100.225,-100.087,-102.143,-102.326,-102.542,-100.686,-101.577,-102.656,-103.164,-101.219,-103.731,-102.780,-103.233,-101.696,-102.130,-103.187,-102.244,-100.693,-100.204,-100.575,-101.612,-100.967,-101.001,-101.528,-98.930,-100.737,-102.759,-101.345,-102.620,-100.732,-100.422,-102.815,-104.741,-102.750,-100.850,-100.330,-100.245,-99.612,-101.113,-101.744,-102.123,-101.188,-103.232,-102.498,-100.088,-102.194
209.530,134.137,-103.942,-100.667,-100.955,-101.310,-101.396,-103.147,-100.110,-101.792,-104.045,-99.667,-104.711,-101.983,-100.171,-99.844,-101.711,-100.968,-99.548,-103.038,-102.674,-101.621,-101.687,-100.534,-101.682,-100.047,-99.203,-101.148,-102.356,-102.798,-103.521,-98.847,-102.539,-105.883,-101.677,-100.591,-102.390,-101.609,-101.744,-102.440,-104.042,-101.451,-102.781,-103.772,-101.653,-100.646,-101.814,-100.696,-102.507,-102.725,-101.048,-99.964,-101.725,-103.039,-100.163,-99.583,-98.781,-100.025,-99.781,-99.925,-99.933,-99.438,-101.662,-102.508,-99.195,-103.518,-101.733,-101.839,-104.207,-97.931,-100.459,-104.444,-101.137,-103.199,-100.579,-97.409,-99.942,-101.548,-101.062,-99.722,-99.846,-101.855,-99.825,-100.810,-104.012,-99.195,-100.355,-101.429,-101.365,-100.591,-104.989,-100.277,-100.905,-101.934,-100.821,-100.966,-100.767,-100.649,-102.270,-101.084,-102.043,-101.972,-101.950
231.054,134.137,-102.060,-100.811,-100.900,-99.144,-102.130,-101.698,-101.665,-103.113,-101.167,-101.269,-99.518,-101.716,-102.604,-100.043,-99.347,-102.153,-101.791,-100.879,-101.336,-100.663,-102.583,-102.671,-100.432,-101.613,-100.554,-100.516,-101.042,-98.237,-100.880,-99.522,-101.144,-101.313,-101.462,-101.334,-102.485,-97.903,-100.962,-99.108,-100.866,-101.959,-102.728,-100.158,-102.510,-101.316,-102.678,-100.944,-102.983,-100.021,-100.804,-102.271,-102.498,-102.128,-101.125,-102.108,-101.531,-101.065,-104.118,-99.911,-100.882,-99.223,-102.855,-99.121,-98.145,-101.705,-99.720,-100.708,-100.879,-103.148,-102.070,-100.205,-102.294,-103.724,-99.206,-101.507,-102.032,-100.312,-102.710,-101.448,-102.625,-101.725,-99.278,-102.417,-101.199,-102.086,-103.928,-102.088,-101.369,-103.824,-99.936,-100.526,-101.101,-100.402,-102.416,-103.281,-104.846,-104.101,-101.366,-101.477,-104.308,-102.015,-101.464
252.577,134.137,-104.010,-103.276,-102.663,-102.511,-101.769,-104.373,-100.344,-102.587,-100.846,-99.667,-101.119,-100.390,-100.292,-100.188,-103.688,-97.581,-102.990,-104.065,-102.127,-101.480,-103.382,-101.532,-101.544,-104.965,-101.182,-101.307,-99.106,-101.229,-99.422,-102.147,-100.590,-100.733,-100.858,-101.974,-104.249,-101.546,-101.064,-98.202,-103.835,-103.055,-101.584,-99.962,-101.580,-103.941,-103.401,-100.080,-101.737,-99.454,-101.342,-101.904,-99.536,-98.908,-103.315,-103.171,-102.831,-101.943,-100.930,-101.951,-100.306,-99.304,-104.332,-97.211,-102.888,-100.849,-100.855,-102.227,-100.588,-102.972,-101.749,-101.683,-101.488,-101.061,-100.334,-102.888,-100.060,-102.051,-101.383,-101.866,-104.041,-104.069,-99.594,-99.593,-101.716,-100.674,-102.615,-101.183,-102.679,-101.397,-101.051,-100.934,-102.549,-102.497,-99.949,-101.606,-98.174,-101.597,-100.306,-100.795,-100.770,-100.143,-103.396
274.100,134.137,-102.011,-104.734,-103.414,-101.165,-102.077,-103.106,-100.483,-99.596,-100.805,-103.881,-100.145,-97.249,-98.480,-103.195,-100.980,-100.665,-99.751,-99.096,-99.335,-100.002,-96.999,-102.136,-101.082,-101.207,-101.888,-101.780,-102.588,-98.892,-101.376,-101.159,-103.957,-100.865,-102.334,-101.836,-102.821,-100.624,-100.461,-102.573,-101.681,-101.449,-101.294,-102.600,-102.656,-101.016,-98.696,-100.914,-101.125,-103.288,-104.513,-101.084,-103.247,-103.706,-100.561,-101.792,-101.792,-100.917,-101.835,-102.738,-100.704,-101.896,-101.737,-99.970,-101.989,-101.641,-104.667,-100.236,-102.476,-102.175,-100.965,-100.401,-101.384,-99.193,-99.622,-103.118,-104.402,-101.122,-101.662,-101.382,-99.659,-102.815,-102.642,-101.413,-103.246,-102.587,-101.728,-99.287,-100.960,-102.064,-101.905,-101.985,-103.931,-105.131,-104.295,-103.333,-101.020,-100.115,-100.519,-99.578,-101.028,-99.652,-101.589
295.624,134.137,-101.516,-101.815,-100.468,-100.581,-100.622,-101.567,-101.988,-101.102,-101.499,-98.584,-104.269,-102.145,-102.134,-99.869,-99.930,-102.535,-100.727,-101.139,-100.544,-103.556,-101.858,-100.834,-99.550,-99.909,-102.815,-100.458,-98.110,-101.704,-99.771,-99.077,-100.372,-101.911,-102.357,-100.433,-99.894,-100.426,-103.785,-100.872,-105.464,-102.424,-101.882,-101.624,-101.606,-100.662,-101.595,-102.973,-100.866,-103.113,-101.411,-100.682,-101.907,-100.849,-103.427,-103.626,-98.901,-101.434,-101.992,-101.728,-99.898,-99.190,-100.276,-102.747,-103.225,-101.979,-101.492,-101.180,-102.568,-102.803,-103.446,-101.839,-99.542,-100.616,-102.811,-100.033,-101.486,-101.704,-99.510,-102.823,-100.741,-103.203,-100.740,-101.440,-101.562,-99.051,-100.047,-101.853,-101.088,-100.743,-99.810,-100.542,-100.103,-103.708,-101.392,-103.393,-101.007,-102.919,-102.913,-99.850,-103.119,-100.732,-102.614
317.147,134.137,-100.405,-99.234,-101.681,-100.930,-102.675,-102.708,-102.613,-104.063,-102.343,-101.026,-100.917,-103.421,-99.753,-102.179,-100.447,-100.892,-100.078,-99.785,-102.623,-104.184,-100.920,-103.237,-102.890,-102.981,-101.592,-99.706,-102.037,-101.219,-101.507,-99.244,-100.127,-102.242,-102.582,-101.972,-100.210,-99.131,-102.386,-103.264,-101.946,-101.372,-101.826,-100.747,-100.174,-104.439,-102.775,-97.816,-101.970,-100.665,-103.288,-102.602,-99.143,-102.973,-100.325,-100.781,-103.215,-102.839,-103.370,-101.644,-101.904,-104.811,-103.355,-99.113,-100.853,-102.718,-103.192,-100.923,-100.706,-104.905,-100.331,-99.089,-101.113,-102.682,-99.776,-102.057,-102.367,-101.561,-100.915,-102.032,-101.824,-100.433,-99.956,-102.236,-100.162,-100.940,-100.338,-102.330,-101.378,-97.615,-101.914,-99.430,-99.894,-101.841,-101.558,-100.989,-102.246,-102.676,-101.639,-102.206,-100.163,-100.359,-100.812
123.437,139.517,-100.371,-101.137,-101.012,-103.019,-98.856,-101.910,-103.215,-101.791,-99.593,-100.572,-101.579,-99.133,-100.758,-102.264,-100.890,-103.625,-100.983,-103.097,-102.075,-102.660,-100.828,-100.671,-100.540,-97.385,-98.981,-100.514,-99.393,-103.984,-101.856,-102.343,-99.785,-105.310,-102.377,-104.031,-102.788,-105.366,-103.848,-101.670,-101.035,-102.942,-102.167,-102.653,-102.576,-104.464,-100.180,-105.213,-101.172,-102.326,-100.620,-103.792,-101.799,-101.948,-98.212,-100.774,-101.525,-101.476,-100.473,-101.144,-101.749,-104.927,-100.727,-99.646,-100.774,-102.040,-101.880,-100.010,-101.311,-99.705,-101.249,-101.189,-103.314,-100.932,-101.962,-102.255,-102.694,-103.446,-101.168,-99.569,-99.656,-101.577,-99.425,-100.354,-99.308,-100.431,-100.755,-101.181,-100.763,-102.333,-102.239,-101.496,-102.311,-102.206,-102.256,-99.028,-100.170,-101.990,-102.288,-97.937,-102.356,-102.687,-102.217
144.960,139.517,-102.916,-102.057,-101.688,-103.956,-100.775,-100.378,-102.794,-101.243,-100.227,-100.350,-100.144,-101.429,-101.750,-100.091,-104.173,-102.855,-103.640,-103.824,-102.576,-101.707,-101.967,-103.558,-101.681,-99.848,-102.172,-100.781,-103.286,-98.078,-101.272,-101.293,-98.537,-100.054,-100.739,-100.819,-100.852,-103.856,-99.739,-101.310,-103.225,-102.599,-101.718,-103.721,-101.658,-102.641,-99.971,-105.129,-99.006,-102.218,-101.071,-102.415,-104.124,-102.474,-102.526,-99.487,-99.770,-102.962,-101.053,-98.934,-99.329,-100.911,-101.383,-101.526,-103.592,-103.939,-102.225,-102.280,-102.747,-100.494,-98.076,-101.119,-102.742,-103.866,-102.164,-103.745,-101.291,-101.704,-101.296,-102.771,-101.038,-102.436,-102.388,-100.729,-101.833,-101.160,-103.237,-101.291,-100.598,-100.438,-102.543,-102.932,-101.943,-96.829,-99.898,-100.987,-102.130,-102.165,-100.614,-102.222,-102.897,-100.026,-101.482
166.484,139.517,-103.048,-100.425,-99.430,-101.704,-101.476,-101.398,-102.030,-101.122,-101.212,-101.668,-101.584,-99.879,-100.668,-101.557,-103.954,-100.850,-103.611,-101.130,-100.045,-101.241,-100.479,-100.336,-102.260,-104.272,-102.538,-98.873,-102.147,-99.975,-103.492,-102.412,-102.673,-101.522,-100.999,-103.446,-97.531,-103.307,-103.082,-102.868,-102.218,-102.061,-100.103,-102.384,-99.064,-103.061,-103.657,-100.949,-100.126,-102.130,-104.326,-102.395,-101.742,-100.403,-102.483,-101.556,-100.306,-99.487,-103.634,-103.022,-101.322,-101.760,-100.984,-99.675,-103.413,-100.783,-100.347,-101.046,-102.150,-99.712,-101.833,-101.292,-102.695,-102.029,-102.371,-98.075,-100.823,-103.086,-102.968,-102.248,-101.817,-102.579,-98.901,-102.613,-101.059,-102.718,-102.652,-99.495,-101.510,-102.770,-100.697,-100.776,-98.251,-102.809,-97.596,-100.700,-101.832,-101.810,-100.413,-102.485,-103.776,-100.088,-101.870
188.007,139.517,-101.211,-98.191,-99.548,-102.118,-98.840,-98.879,-99.082,-101.627,-100.214,-100.107,-101.404,-100.578,-98.750,-104.467,-103.041,-101.715,-100.938,-102.560,-103.219,-103.155,-100.772,-102.262,-101.294,-102.844,-102.364,-102.521,-102.138,-101.881,-102.451,-101.442,-103.069,-102.232,-102.823,-100.968,-99.162,-104.334,-101.679,-100.544,-99.453,-100.526,-102.247,-102.155,-100.359,-100.602,-101.853,-102.775,-103.894,-100.861,-102.522,-102.448,-103.366,-101.601,-102.421,-102.639,-102.040,-100.785,-99.502,-100.861,-102.966,-102.193,-99.214,-101.014,-100.924,-99.622,-99.833,-100.821,-101.703,-99.853,-100.296,-102.690,-99.367,-99.482,-100.062,-101.624,-101.499,-103.537,-102.799,-102.558,-102.895,-101.203,-100.245,-99.973,-99.796,-101.609,-99.722,-100.436,-101.104,-100.711,-101.565,-99.211,-101.925,-102.651,-98.843,-103.815,-102.265,-99.125,-97.781,-102.147,-102.528,-102.907,-101.440
209.530,139.517,-104.284,-103.110,-100.854,-101.913,-101.201,-104.055,-101.316,-102.406,-101.093,-102.930,-99.737,-102.229,-103.113,-104.734,-102.131,-102.420,-104.003,-102.161,-101.019,-101.001,-103.689,-100.331,-100.123,-100.841,-102.795,-101.592,-101.200,-100.590,-99.257,-101.062,-100.306,-102.288,-99.712,-102.824,-99.774,-101.094,-102.576,-99.233,-101.419,-103.150,-102.116,-103.148,-103.892,-101.820,-101.776,-100.542,-102.612,-101.221,-99.754,-102.486,-104.343,-102.205,-104.865,-102.369,-101.981,-102.415,-99.495,-102.457,-101.541,-101.710,-102.897,-100.526,-101.403,-101.971,-98.454,-100.129,-100.903,-102.480,-101.661,-101.317,-103.576,-102.677,-102.154,-100.544,-102.589,-102.142,-101.415,-99.152,-100.674,-100.204,-101.843,-101.082,-100.142,-100.318,-102.404,-100.127,-102.123,-102.165,-101.099,-104.317,-100.999,-101.727,-101.519,-100.284,-105.424,-102.360,-101.184,-102.978,-99.457,-102.132,-101.804
231.054,139.517,-102.190,-101.193,-102.626,-100.855,-100.924,-100.175,-99.791,-99.276,-98.023,-98.541,-101.666,-100.287,-99.743,-101.162,-99.239,-101.407,-101.256,-101.489,-97.213,-102.191,-100.759,-99.472,-102.843,-98.738,-100.647,-102.119,-100.229,-102.831,-101.766,-101.696,-101.994,-101.166,-99.730,-100.860,-98.523,-100.233,-101.402,-100.629,-102.316,-100.800,-103.900,-100.548,-101.777,-104.106,-99.397,-100.293,-101.647,-101.861,-102.811,-102.102,-101.059,-100.970,-101.352,-100.211,-99.932,-103.372,-101.199,-104.879,-102.736,-98.566,-100.872,-102.605,-101.341,-102.058,-100.609,-100.831,-102.492,-101.295,-102.060,-102.130,-102.633,-100.927,-101.472,-102.458,-102.386,-99.301,-100.503,-100.635,-102.188,-103.852,-101.825,-99.917,-103.032,-101.041,-99.705,-100.064,-101.314,-99.894,-102.307,-101.411,-102.158,-101.001,-101.939,-100.965,-100.345,-102.408,-101.500,-102.403,-105.270,-103.877,-98.821
252.577,139.517,-103.508,-102.557,-101.110,-102.226,-99.881,-101.658,-102.887,-101.765,-100.708,-104.647,-101.643,-101.655,-99.558,-100.282,-101.966,-103.478,-102.694,-100.550,-101.662,-101.688,-101.360,-102.546,-100.401,-101.930,-101.857,-101.242,-104.792,-102.867,-103.719,-102.105,-99.742,-101.594,-105.026,-100.247,-102.842,-100.115,-102.760,-101.236,-101.481,-100.684,-99.112,-98.664,-101.185,-101.293,-103.701,-100.460,-102.889,-99.764,-101.752,-101.229,-102.360,-101.101,-99.147,-101.439,-100.816,-104.224,-102.619,-101.937,-103.321,-102.955,-103.641,-100.378,-102.446,-101.543,-101.992,-101.935,-101.870,-100.294,-101.675,-102.184,-102.782,-101.322,-101.883,-103.138,-100.817,-100.999,-102.933,-100.852,-100.690,-101.619,-100.646,-99.565,-101.884,-102.921,-101.982,-101.846,-101.501,-101.928,-102.220,-103.089,-101.759,-102.853,-102.752,-99.613,-99.654,-101.629,-101.139,-100.221,-100.164,-100.195,-102.493
274.100,139.517,-101.970,-102.966,-102.247,-102.183,-99.040,-100.685,-100.906,-101.410,-101.634,-101.821,-101.554,-102.036,-101.681,-102.907,-100.675,-98.119,-102.045,-100.741,-99.046,-102.483,-100.700,-99.127,-101.344,-102.100,-104.170,-100.493,-103.583,-102.634,-100.266,-100.728,-98.288,-99.126,-102.642,-102.365,-101.307,-101.230,-102.493,-101.762,-102.513,-101.824,-102.747,-101.293,-101.500,-103.728,-103.061,-104.038,-102.702,-103.103,-100.326,-99.629,-102.072,-101.227,-100.570,-101.378,-101.318,-101.955,-102.423,-102.799,-101.849,-98.899,-102.425,-99.594,-104.120,-103.993,-103.524,-102.160,-101.703,-102.155,-103.303,-100.227,-101.816,-100.916,-101.503,-103.111,-102.025,-99.520,-102.516,-101.485,-104.762,-101.805,-100.597,-100.770,-102.715,-100.479,-101.538,-100.748,-101.819,-100.752,-102.627,-101.615,-102.573,-100.086,-103.330,-102.623,-101.783,-101.330,-101.327,-101.969,-100.820,-102.145,-101.820
295.624,139.517,-99.205,-102.129,-100.437,-101.252,-102.206,-99.954,-101.266,-102.662,-102.131,-102.747,-100.467,-98.169,-102.878,-100.267,-99.307,-101.941,-104.379,-100.948,-101.830,-103.166,-103.299,-100.882,-102.674,-102.447,-104.005,-103.576,-100.640,-102.975,-100.960,-101.527,-100.799,-101.411,-102.099,-101.523,-99.625,-104.410,-102.005,-100.423,-102.396,-100.377,-102.494,-102.044,-101.210,-102.101,-100.509,-101.199,-102.693,-100.457,-100.670,-102.704,-101.063,-101.029,-99.765,-101.201,-101.236,-100.729,-101.075,-102.424,-99.066,-101.924,-103.279,-100.112,-100.912,-102.413,-104.013,-100.977,-102.852,-100.686,-102.204,-102.246,-103.212,-104.686,-103.079,-100.995,-100.894,-100.752,-100.882,-102.536,-101.349,-101.519,-103.103,-104.342,-101.372,-100.200,-101.380,-100.453,-99.835,-101.506,-100.013,-101.350,-100.029,-100.790,-100.360,-102.422,-102.487,-102.042,-100.670,-102.140,-101.122,-100.400,-103.289
317.147,139.517,-103.496,-101.000,-102.045,-100.661,-103.151,-99.995,-100.975,-100.304,-101.810,-101.300,-99.633,-103.036,-101.723,-101.464,-102.718,-99.837,-102.658,-100.053,-102.213,-100.829,-101.445,-99.927,-100.613,-101.509,-105.133,-103.860,-101.284,-100.944,-101.704,-100.901,-101.910,-103.891,-100.273,-100.749,-102.142,-99.119,-102.499,-100.464,-102.868,-102.332,-101.109,-103.168,-103.167,-101.793,-103.373,-100.738,-101.332,-102.807,-101.892,-102.541,-101.508,-101.905,-101.215,-103.901,-99.985,-101.214,-99.637,-100.363,-101.883,-102.160,-101.074,-102.565,-101.379,-103.611,-101.903,-101.832,-99.599,-102.593,-101.284,-100.305,-103.934,-99.895,-104.962,-101.934,-102.916,-101.032,-101.384,-100.500,-101.168,-103.380,-101.505,-100.461,-101.183,-103.806,-102.206,-100.784,-100.724,-100.591,-101.733,-100.517,-101.098,-101.958,-102.483,-98.944,-101.108,-102.597,-103.342,-102.295,-99.994,-102.056,-99.945
