PhysicalX(mm),PhysicalY(mm),MaxAmplitude(dBuV/m)
168.364,-212.730,15.314
170.476,-212.730,15.528
172.588,-212.730,15.888
174.699,-212.730,16.294
176.811,-212.730,16.390
178.923,-212.730,16.736
181.034,-212.730,17.040
183.146,-212.730,17.244
185.257,-212.730,17.742
187.369,-212.730,17.840
189.481,-212.730,18.371
191.592,-212.730,18.615
193.704,-212.730,18.744
195.816,-212.730,19.227
197.927,-212.730,19.583
200.039,-212.730,19.985
202.150,-212.730,20.403
204.262,-212.730,20.405
206.374,-212.730,20.937
208.485,-212.730,21.298
210.597,-212.730,21.732
212.709,-212.730,22.117
214.820,-212.730,22.496
216.932,-212.730,22.873
219.043,-212.730,23.256
221.155,-212.730,23.519
223.267,-212.730,23.676
225.378,-212.730,23.707
227.490,-212.730,23.778
229.602,-212.730,23.845
231.713,-212.730,23.819
233.825,-212.730,23.941
235.936,-212.730,23.972
238.048,-212.730,23.914
240.160,-212.730,24.036
242.271,-212.730,24.150
244.383,-212.730,24.161
246.495,-212.730,24.276
248.606,-212.730,24.429
250.718,-212.730,24.517
252.829,-212.730,24.701
254.941,-212.730,24.691
257.053,-212.730,24.791
259.164,-212.730,24.756
261.276,-212.730,24.809
263.388,-212.730,24.944
265.499,-212.730,24.916
267.611,-212.730,24.982
269.722,-212.730,25.011
271.834,-212.730,25.074
273.946,-212.730,25.120
276.057,-212.730,25.220
278.169,-212.730,25.277
280.281,-212.730,25.220
282.392,-212.730,25.363
168.364,-210.647,14.735
170.476,-210.647,15.247
172.588,-210.647,15.628
174.699,-210.647,15.653
176.811,-210.647,15.961
178.923,-210.647,16.230
181.034,-210.647,16.249
183.146,-210.647,16.561
185.257,-210.647,16.791
187.369,-210.647,17.023
189.481,-210.647,17.335
191.592,-210.647,17.641
193.704,-210.647,17.706
195.816,-210.647,18.239
197.927,-210.647,18.485
200.039,-210.647,18.635
202.150,-210.647,19.055
204.262,-210.647,19.146
206.374,-210.647,19.493
208.485,-210.647,19.800
210.597,-210.647,19.855
212.709,-210.647,20.229
214.820,-210.647,20.508
216.932,-210.647,20.924
219.043,-210.647,21.247
221.155,-210.647,21.633
223.267,-210.647,21.977
225.378,-210.647,22.233
227.490,-210.647,22.467
229.602,-210.647,22.766
231.713,-210.647,22.900
233.825,-210.647,23.208
235.936,-210.647,23.428
238.048,-210.647,23.403
240.160,-210.647,23.490
242.271,-210.647,23.540
244.383,-210.647,23.480
246.495,-210.647,23.624
248.606,-210.647,23.761
250.718,-210.647,23.966
252.829,-210.647,24.021
254.941,-210.647,24.244
257.053,-210.647,24.289
259.164,-210.647,24.618
261.276,-210.647,24.790
263.388,-210.647,24.884
265.499,-210.647,25.089
267.611,-210.647,25.282
269.722,-210.647,25.418
271.834,-210.647,25.406
273.946,-210.647,25.512
276.057,-210.647,25.569
278.169,-210.647,25.762
280.281,-210.647,25.718
282.392,-210.647,25.735
168.364,-208.564,14.422
170.476,-208.564,14.948
172.588,-208.564,15.068
174.699,-208.564,15.070
176.811,-208.564,15.658
178.923,-208.564,16.071
181.034,-208.564,16.098
183.146,-208.564,16.316
185.257,-208.564,16.755
187.369,-208.564,16.653
189.481,-208.564,16.792
191.592,-208.564,17.265
193.704,-208.564,17.489
195.816,-208.564,17.697
197.927,-208.564,17.895
200.039,-208.564,18.064
202.150,-208.564,18.386
204.262,-208.564,18.600
206.374,-208.564,18.897
208.485,-208.564,19.038
210.597,-208.564,19.262
212.709,-208.564,19.723
214.820,-208.564,19.834
216.932,-208.564,20.188
219.043,-208.564,20.525
221.155,-208.564,21.018
223.267,-208.564,21.160
225.378,-208.564,21.569
227.490,-208.564,21.752
229.602,-208.564,22.030
231.713,-208.564,22.038
233.825,-208.564,22.359
235.936,-208.564,22.787
238.048,-208.564,22.967
240.160,-208.564,23.017
242.271,-208.564,23.122
244.383,-208.564,23.232
246.495,-208.564,23.369
248.606,-208.564,23.614
250.718,-208.564,23.720
252.829,-208.564,23.983
254.941,-208.564,24.201
257.053,-208.564,24.445
259.164,-208.564,24.621
261.276,-208.564,24.781
263.388,-208.564,25.037
265.499,-208.564,25.146
267.611,-208.564,25.260
269.722,-208.564,25.460
271.834,-208.564,25.486
273.946,-208.564,25.565
276.057,-208.564,25.763
278.169,-208.564,25.741
280.281,-208.564,25.852
282.392,-208.564,25.885
168.364,-206.481,14.389
170.476,-206.481,14.550
172.588,-206.481,14.917
174.699,-206.481,14.939
176.811,-206.481,15.669
178.923,-206.481,15.700
181.034,-206.481,15.931
183.146,-206.481,16.069
185.257,-206.481,16.559
187.369,-206.481,16.501
189.481,-206.481,16.799
191.592,-206.481,16.815
193.704,-206.481,17.059
195.816,-206.481,17.127
197.927,-206.481,17.381
200.039,-206.481,17.762
202.150,-206.481,17.765
204.262,-206.481,18.051
206.374,-206.481,18.353
208.485,-206.481,18.370
210.597,-206.481,18.808
212.709,-206.481,18.905
214.820,-206.481,19.171
216.932,-206.481,19.547
219.043,-206.481,19.946
221.155,-206.481,20.297
223.267,-206.481,20.588
225.378,-206.481,20.891
227.490,-206.481,21.120
229.602,-206.481,21.406
231.713,-206.481,21.828
233.825,-206.481,22.056
235.936,-206.481,22.337
238.048,-206.481,22.674
240.160,-206.481,22.653
242.271,-206.481,22.878
244.383,-206.481,23.130
246.495,-206.481,23.200
248.606,-206.481,23.522
250.718,-206.481,23.670
252.829,-206.481,23.750
254.941,-206.481,24.020
257.053,-206.481,24.399
259.164,-206.481,24.590
261.276,-206.481,24.763
263.388,-206.481,24.987
265.499,-206.481,25.200
267.611,-206.481,25.422
269.722,-206.481,25.572
271.834,-206.481,25.571
273.946,-206.481,25.713
276.057,-206.481,25.749
278.169,-206.481,25.919
280.281,-206.481,25.948
282.392,-206.481,25.921
168.364,-204.398,14.309
170.476,-204.398,14.850
172.588,-204.398,15.016
174.699,-204.398,15.222
176.811,-204.398,15.411
178.923,-204.398,15.666
181.034,-204.398,15.610
183.146,-204.398,15.917
185.257,-204.398,16.279
187.369,-204.398,15.982
189.481,-204.398,16.263
191.592,-204.398,16.878
193.704,-204.398,16.899
195.816,-204.398,16.987
197.927,-204.398,17.097
200.039,-204.398,17.195
202.150,-204.398,17.410
204.262,-204.398,17.379
206.374,-204.398,17.781
208.485,-204.398,17.996
210.597,-204.398,18.249
212.709,-204.398,18.432
214.820,-204.398,18.628
216.932,-204.398,18.888
219.043,-204.398,19.060
221.155,-204.398,19.401
223.267,-204.398,19.921
225.378,-204.398,20.171
227.490,-204.398,20.670
229.602,-204.398,20.841
231.713,-204.398,21.171
233.825,-204.398,21.415
235.936,-204.398,21.903
238.048,-204.398,22.499
240.160,-204.398,22.332
242.271,-204.398,22.556
244.383,-204.398,22.813
246.495,-204.398,23.115
248.606,-204.398,23.323
250.718,-204.398,23.660
252.829,-204.398,23.697
254.941,-204.398,24.027
257.053,-204.398,24.347
259.164,-204.398,24.591
261.276,-204.398,24.878
263.388,-204.398,25.063
265.499,-204.398,25.303
267.611,-204.398,25.432
269.722,-204.398,25.548
271.834,-204.398,25.743
273.946,-204.398,25.895
276.057,-204.398,25.957
278.169,-204.398,26.064
280.281,-204.398,26.081
282.392,-204.398,26.101
168.364,-202.315,14.480
170.476,-202.315,14.725
172.588,-202.315,14.745
174.699,-202.315,14.854
176.811,-202.315,15.211
178.923,-202.315,15.401
181.034,-202.315,15.543
183.146,-202.315,15.955
185.257,-202.315,15.602
187.369,-202.315,16.026
189.481,-202.315,16.032
191.592,-202.315,16.302
193.704,-202.315,16.157
195.816,-202.315,16.456
197.927,-202.315,16.623
200.039,-202.315,16.581
202.150,-202.315,16.863
204.262,-202.315,16.935
206.374,-202.315,16.935
208.485,-202.315,17.043
210.597,-202.315,17.162
212.709,-202.315,17.338
214.820,-202.315,17.780
216.932,-202.315,18.009
219.043,-202.315,18.537
221.155,-202.315,18.633
223.267,-202.315,19.142
225.378,-202.315,19.733
227.490,-202.315,20.103
229.602,-202.315,20.292
231.713,-202.315,20.749
233.825,-202.315,21.186
235.936,-202.315,21.489
238.048,-202.315,22.101
240.160,-202.315,22.345
242.271,-202.315,22.642
244.383,-202.315,22.606
246.495,-202.315,23.063
248.606,-202.315,23.443
250.718,-202.315,23.753
252.829,-202.315,24.006
254.941,-202.315,24.158
257.053,-202.315,24.445
259.164,-202.315,24.659
261.276,-202.315,24.929
263.388,-202.315,25.253
265.499,-202.315,25.369
267.611,-202.315,25.562
269.722,-202.315,25.661
271.834,-202.315,25.794
273.946,-202.315,25.965
276.057,-202.315,26.033
278.169,-202.315,26.106
280.281,-202.315,26.191
282.392,-202.315,26.214
168.364,-200.232,14.251
170.476,-200.232,14.413
172.588,-200.232,14.627
174.699,-200.232,14.954
176.811,-200.232,14.895
178.923,-200.232,15.170
181.034,-200.232,15.423
183.146,-200.232,15.415
185.257,-200.232,15.878
187.369,-200.232,15.488
189.481,-200.232,15.810
191.592,-200.232,15.538
193.704,-200.232,16.046
195.816,-200.232,15.973
197.927,-200.232,16.106
200.039,-200.232,16.209
202.150,-200.232,16.069
204.262,-200.232,16.245
206.374,-200.232,16.222
208.485,-200.232,16.217
210.597,-200.232,16.375
212.709,-200.232,16.397
214.820,-200.232,16.544
216.932,-200.232,17.084
219.043,-200.232,17.224
221.155,-200.232,17.718
223.267,-200.232,18.242
225.378,-200.232,18.973
227.490,-200.232,19.503
229.602,-200.232,20.124
231.713,-200.232,20.302
233.825,-200.232,20.900
235.936,-200.232,21.511
238.048,-200.232,21.764
240.160,-200.232,22.270
242.271,-200.232,22.481
244.383,-200.232,22.732
246.495,-200.232,23.025
248.606,-200.232,23.407
250.718,-200.232,23.685
252.829,-200.232,23.894
254.941,-200.232,24.316
257.053,-200.232,24.596
259.164,-200.232,24.873
261.276,-200.232,25.041
263.388,-200.232,25.405
265.499,-200.232,25.478
267.611,-200.232,25.641
269.722,-200.232,25.730
271.834,-200.232,25.964
273.946,-200.232,26.089
276.057,-200.232,26.212
278.169,-200.232,26.199
280.281,-200.232,26.274
282.392,-200.232,26.246
168.364,-198.149,14.195
170.476,-198.149,14.261
172.588,-198.149,14.470
174.699,-198.149,14.986
176.811,-198.149,14.886
178.923,-198.149,15.098
181.034,-198.149,15.218
183.146,-198.149,15.277
185.257,-198.149,15.552
187.369,-198.149,15.414
189.481,-198.149,15.471
191.592,-198.149,15.461
193.704,-198.149,15.657
195.816,-198.149,15.550
197.927,-198.149,15.560
200.039,-198.149,15.352
202.150,-198.149,15.475
204.262,-198.149,15.216
206.374,-198.149,15.105
208.485,-198.149,15.341
210.597,-198.149,14.666
212.709,-198.149,14.740
214.820,-198.149,15.157
216.932,-198.149,14.986
219.043,-198.149,15.179
221.155,-198.149,16.020
223.267,-198.149,16.267
225.378,-198.149,17.505
227.490,-198.149,18.489
229.602,-198.149,19.439
231.713,-198.149,20.301
233.825,-198.149,21.042
235.936,-198.149,21.642
238.048,-198.149,22.369
240.160,-198.149,22.721
242.271,-198.149,23.055
244.383,-198.149,23.183
246.495,-198.149,23.414
248.606,-198.149,23.432
250.718,-198.149,23.860
252.829,-198.149,24.146
254.941,-198.149,24.437
257.053,-198.149,24.701
259.164,-198.149,24.923
261.276,-198.149,25.188
263.388,-198.149,25.540
265.499,-198.149,25.718
267.611,-198.149,25.825
269.722,-198.149,26.036
271.834,-198.149,26.153
273.946,-198.149,26.199
276.057,-198.149,26.274
278.169,-198.149,26.456
280.281,-198.149,26.395
282.392,-198.149,26.468
168.364,-196.066,14.074
170.476,-196.066,14.327
172.588,-196.066,14.559
174.699,-196.066,14.752
176.811,-196.066,15.008
178.923,-196.066,15.234
181.034,-196.066,15.144
183.146,-196.066,15.165
185.257,-196.066,15.064
187.369,-196.066,15.420
189.481,-196.066,15.518
191.592,-196.066,15.226
193.704,-196.066,15.011
195.816,-196.066,15.241
197.927,-196.066,15.183
200.039,-196.066,15.117
202.150,-196.066,14.877
204.262,-196.066,14.513
206.374,-196.066,14.763
208.485,-196.066,14.351
210.597,-196.066,13.636
212.709,-196.066,12.675
214.820,-196.066,11.737
216.932,-196.066,11.660
219.043,-196.066,12.371
221.155,-196.066,13.775
223.267,-196.066,15.179
225.378,-196.066,16.886
227.490,-196.066,18.192
229.602,-196.066,19.465
231.713,-196.066,19.958
233.825,-196.066,20.837
235.936,-196.066,21.652
238.048,-196.066,22.351
240.160,-196.066,23.108
242.271,-196.066,23.502
244.383,-196.066,23.647
246.495,-196.066,23.859
248.606,-196.066,24.043
250.718,-196.066,24.159
252.829,-196.066,24.436
254.941,-196.066,24.742
257.053,-196.066,24.960
259.164,-196.066,25.272
261.276,-196.066,25.470
263.388,-196.066,25.668
265.499,-196.066,25.934
267.611,-196.066,26.106
269.722,-196.066,26.072
271.834,-196.066,26.219
273.946,-196.066,26.331
276.057,-196.066,26.503
278.169,-196.066,26.540
280.281,-196.066,26.573
282.392,-196.066,26.550
168.364,-193.983,14.204
170.476,-193.983,14.398
172.588,-193.983,14.456
174.699,-193.983,14.399
176.811,-193.983,14.615
178.923,-193.983,15.158
181.034,-193.983,14.922
183.146,-193.983,15.308
185.257,-193.983,15.032
187.369,-193.983,15.225
189.481,-193.983,15.114
191.592,-193.983,15.014
193.704,-193.983,15.079
195.816,-193.983,14.821
197.927,-193.983,15.114
200.039,-193.983,14.625
202.150,-193.983,14.401
204.262,-193.983,13.981
206.374,-193.983,13.298
208.485,-193.983,12.829
210.597,-193.983,11.102
212.709,-193.983,9.430
214.820,-193.983,6.854
216.932,-193.983,5.307
219.043,-193.983,7.318
221.155,-193.983,11.679
223.267,-193.983,14.119
225.378,-193.983,16.383
227.490,-193.983,17.776
229.602,-193.983,19.195
231.713,-193.983,20.407
233.825,-193.983,21.038
235.936,-193.983,22.062
238.048,-193.983,22.790
240.160,-193.983,23.494
242.271,-193.983,23.931
244.383,-193.983,24.438
246.495,-193.983,24.641
248.606,-193.983,24.647
250.718,-193.983,24.813
252.829,-193.983,24.965
254.941,-193.983,25.059
257.053,-193.983,25.263
259.164,-193.983,25.410
261.276,-193.983,25.700
263.388,-193.983,26.041
265.499,-193.983,26.124
267.611,-193.983,26.183
269.722,-193.983,26.321
271.834,-193.983,26.523
273.946,-193.983,26.557
276.057,-193.983,26.660
278.169,-193.983,26.727
280.281,-193.983,26.776
282.392,-193.983,26.705
168.364,-191.900,13.938
170.476,-191.900,14.346
172.588,-191.900,14.549
174.699,-191.900,14.680
176.811,-191.900,14.833
178.923,-191.900,15.103
181.034,-191.900,15.222
183.146,-191.900,15.261
185.257,-191.900,15.069
187.369,-191.900,15.337
189.481,-191.900,15.349
191.592,-191.900,15.414
193.704,-191.900,14.808
195.816,-191.900,15.053
197.927,-191.900,14.915
200.039,-191.900,14.784
202.150,-191.900,14.450
204.262,-191.900,14.081
206.374,-191.900,13.423
208.485,-191.900,12.044
210.597,-191.900,9.376
212.709,-191.900,6.508
214.820,-191.900,-1.741
216.932,-191.900,-3.064
219.043,-191.900,5.899
221.155,-191.900,10.718
223.267,-191.900,14.014
225.378,-191.900,16.247
227.490,-191.900,18.184
229.602,-191.900,19.321
231.713,-191.900,20.089
233.825,-191.900,21.273
235.936,-191.900,22.275
238.048,-191.900,23.165
240.160,-191.900,24.092
242.271,-191.900,24.583
244.383,-191.900,24.877
246.495,-191.900,25.205
248.606,-191.900,25.363
250.718,-191.900,25.557
252.829,-191.900,25.584
254.941,-191.900,25.567
257.053,-191.900,25.722
259.164,-191.900,25.929
261.276,-191.900,25.995
263.388,-191.900,26.234
265.499,-191.900,26.379
267.611,-191.900,26.461
269.722,-191.900,26.579
271.834,-191.900,26.619
273.946,-191.900,26.726
276.057,-191.900,26.788
278.169,-191.900,26.823
280.281,-191.900,26.911
282.392,-191.900,26.759
168.364,-189.817,13.934
170.476,-189.817,14.639
172.588,-189.817,14.472
174.699,-189.817,14.759
176.811,-189.817,14.896
178.923,-189.817,15.181
181.034,-189.817,15.116
183.146,-189.817,15.265
185.257,-189.817,15.292
187.369,-189.817,15.689
189.481,-189.817,15.441
191.592,-189.817,15.572
193.704,-189.817,15.303
195.816,-189.817,15.625
197.927,-189.817,15.645
200.039,-189.817,15.244
202.150,-189.817,14.686
204.262,-189.817,14.265
206.374,-189.817,13.566
208.485,-189.817,12.349
210.597,-189.817,10.877
212.709,-189.817,8.811
214.820,-189.817,8.120
216.932,-189.817,8.771
219.043,-189.817,10.923
221.155,-189.817,12.599
223.267,-189.817,14.986
225.378,-189.817,17.084
227.490,-189.817,18.212
229.602,-189.817,19.486
231.713,-189.817,20.939
233.825,-189.817,21.991
235.936,-189.817,22.917
238.048,-189.817,24.198
240.160,-189.817,24.651
242.271,-189.817,25.244
244.383,-189.817,25.466
246.495,-189.817,25.687
248.606,-189.817,25.886
250.718,-189.817,26.000
252.829,-189.817,26.186
254.941,-189.817,26.169
257.053,-189.817,26.258
259.164,-189.817,26.398
261.276,-189.817,26.373
263.388,-189.817,26.485
265.499,-189.817,26.655
267.611,-189.817,26.690
269.722,-189.817,26.781
271.834,-189.817,26.760
273.946,-189.817,26.868
276.057,-189.817,26.968
278.169,-189.817,26.992
280.281,-189.817,26.957
282.392,-189.817,27.002
168.364,-187.734,14.481
170.476,-187.734,14.571
172.588,-187.734,14.743
174.699,-187.734,14.993
176.811,-187.734,15.119
178.923,-187.734,15.176
181.034,-187.734,15.598
183.146,-187.734,15.711
185.257,-187.734,15.631
187.369,-187.734,16.042
189.481,-187.734,16.086
191.592,-187.734,15.968
193.704,-187.734,16.222
195.816,-187.734,16.077
197.927,-187.734,16.440
200.039,-187.734,16.299
202.150,-187.734,16.144
204.262,-187.734,15.237
206.374,-187.734,14.638
208.485,-187.734,14.163
210.597,-187.734,13.969
212.709,-187.734,13.572
214.820,-187.734,12.989
216.932,-187.734,12.590
219.043,-187.734,12.870
221.155,-187.734,14.108
223.267,-187.734,15.771
225.378,-187.734,17.426
227.490,-187.734,18.787
229.602,-187.734,19.578
231.713,-187.734,21.004
233.825,-187.734,21.874
235.936,-187.734,22.863
238.048,-187.734,24.150
240.160,-187.734,24.995
242.271,-187.734,25.649
244.383,-187.734,26.053
246.495,-187.734,26.317
248.606,-187.734,26.472
250.718,-187.734,26.573
252.829,-187.734,26.704
254.941,-187.734,26.707
257.053,-187.734,26.746
259.164,-187.734,26.813
261.276,-187.734,26.880
263.388,-187.734,26.901
265.499,-187.734,26.900
267.611,-187.734,26.981
269.722,-187.734,27.003
271.834,-187.734,27.125
273.946,-187.734,27.068
276.057,-187.734,27.185
278.169,-187.734,27.183
280.281,-187.734,27.119
282.392,-187.734,27.175
168.364,-185.651,14.481
170.476,-185.651,14.766
172.588,-185.651,14.849
174.699,-185.651,15.139
176.811,-185.651,15.309
178.923,-185.651,15.559
181.034,-185.651,15.783
183.146,-185.651,16.164
185.257,-185.651,16.135
187.369,-185.651,16.211
189.481,-185.651,16.510
191.592,-185.651,17.037
193.704,-185.651,17.016
195.816,-185.651,17.422
197.927,-185.651,17.420
200.039,-185.651,16.702
202.150,-185.651,16.764
204.262,-185.651,16.340
206.374,-185.651,16.237
208.485,-185.651,16.185
210.597,-185.651,16.336
212.709,-185.651,15.650
214.820,-185.651,14.436
216.932,-185.651,13.703
219.043,-185.651,13.534
221.155,-185.651,15.119
223.267,-185.651,16.432
225.378,-185.651,18.175
227.490,-185.651,19.282
229.602,-185.651,20.254
231.713,-185.651,21.108
233.825,-185.651,21.966
235.936,-185.651,22.806
238.048,-185.651,23.862
240.160,-185.651,25.047
242.271,-185.651,25.812
244.383,-185.651,26.462
246.495,-185.651,26.652
248.606,-185.651,26.913
250.718,-185.651,27.016
252.829,-185.651,26.987
254.941,-185.651,27.103
257.053,-185.651,27.200
259.164,-185.651,27.240
261.276,-185.651,27.144
263.388,-185.651,27.097
265.499,-185.651,27.207
267.611,-185.651,27.235
269.722,-185.651,27.259
271.834,-185.651,27.197
273.946,-185.651,27.270
276.057,-185.651,27.298
278.169,-185.651,27.270
280.281,-185.651,27.274
282.392,-185.651,27.160
168.364,-183.568,14.770
170.476,-183.568,15.046
172.588,-183.568,15.267
174.699,-183.568,15.459
176.811,-183.568,15.543
178.923,-183.568,16.035
181.034,-183.568,16.251
183.146,-183.568,16.362
185.257,-183.568,16.496
187.369,-183.568,17.125
189.481,-183.568,17.442
191.592,-183.568,17.636
193.704,-183.568,17.893
195.816,-183.568,18.132
197.927,-183.568,18.163
200.039,-183.568,17.945
202.150,-183.568,17.886
204.262,-183.568,17.713
206.374,-183.568,17.912
208.485,-183.568,17.914
210.597,-183.568,17.184
212.709,-183.568,16.288
214.820,-183.568,14.721
216.932,-183.568,13.412
219.043,-183.568,13.499
221.155,-183.568,15.591
223.267,-183.568,17.096
225.378,-183.568,18.435
227.490,-183.568,19.663
229.602,-183.568,20.450
231.713,-183.568,21.295
233.825,-183.568,22.038
235.936,-183.568,22.834
238.048,-183.568,23.693
240.160,-183.568,25.009
242.271,-183.568,25.848
244.383,-183.568,26.552
246.495,-183.568,27.027
248.606,-183.568,27.414
250.718,-183.568,27.474
252.829,-183.568,27.366
254.941,-183.568,27.400
257.053,-183.568,27.408
259.164,-183.568,27.545
261.276,-183.568,27.518
263.388,-183.568,27.471
265.499,-183.568,27.420
267.611,-183.568,27.341
269.722,-183.568,27.363
271.834,-183.568,27.344
273.946,-183.568,27.386
276.057,-183.568,27.426
278.169,-183.568,27.412
280.281,-183.568,27.384
282.392,-183.568,27.349
168.364,-181.485,15.008
170.476,-181.485,15.090
172.588,-181.485,15.502
174.699,-181.485,15.577
176.811,-181.485,16.230
178.923,-181.485,16.405
181.034,-181.485,16.619
183.146,-181.485,17.081
185.257,-181.485,17.435
187.369,-181.485,17.567
189.481,-181.485,17.980
191.592,-181.485,18.636
193.704,-181.485,19.067
195.816,-181.485,19.124
197.927,-181.485,18.872
200.039,-181.485,18.892
202.150,-181.485,18.984
204.262,-181.485,19.079
206.374,-181.485,19.119
208.485,-181.485,18.709
210.597,-181.485,17.518
212.709,-181.485,15.969
214.820,-181.485,14.023
216.932,-181.485,12.778
219.043,-181.485,13.624
221.155,-181.485,15.682
223.267,-181.485,17.291
225.378,-181.485,18.827
227.490,-181.485,19.800
229.602,-181.485,20.668
231.713,-181.485,21.267
233.825,-181.485,21.991
235.936,-181.485,22.604
238.048,-181.485,23.625
240.160,-181.485,24.808
242.271,-181.485,25.761
244.383,-181.485,26.674
246.495,-181.485,27.336
248.606,-181.485,27.810
250.718,-181.485,27.839
252.829,-181.485,27.689
254.941,-181.485,27.657
257.053,-181.485,27.675
259.164,-181.485,27.787
261.276,-181.485,27.748
263.388,-181.485,27.697
265.499,-181.485,27.480
267.611,-181.485,27.522
269.722,-181.485,27.473
271.834,-181.485,27.476
273.946,-181.485,27.552
276.057,-181.485,27.573
278.169,-181.485,27.537
280.281,-181.485,27.431
282.392,-181.485,27.429
168.364,-179.402,15.378
170.476,-179.402,15.895
172.588,-179.402,16.099
174.699,-179.402,16.416
176.811,-179.402,16.515
178.923,-179.402,16.950
181.034,-179.402,17.088
183.146,-179.402,17.682
185.257,-179.402,18.162
187.369,-179.402,18.586
189.481,-179.402,19.084
191.592,-179.402,19.531
193.704,-179.402,19.791
195.816,-179.402,19.853
197.927,-179.402,19.731
200.039,-179.402,19.543
202.150,-179.402,19.995
204.262,-179.402,19.801
206.374,-179.402,19.542
208.485,-179.402,18.675
210.597,-179.402,17.231
212.709,-179.402,15.238
214.820,-179.402,13.189
216.932,-179.402,12.184
219.043,-179.402,13.421
221.155,-179.402,15.689
223.267,-179.402,17.708
225.378,-179.402,19.068
227.490,-179.402,20.048
229.602,-179.402,20.866
231.713,-179.402,21.295
233.825,-179.402,21.818
235.936,-179.402,22.483
238.048,-179.402,23.651
240.160,-179.402,24.290
242.271,-179.402,25.507
244.383,-179.402,26.445
246.495,-179.402,27.302
248.606,-179.402,27.870
250.718,-179.402,28.166
252.829,-179.402,28.144
254.941,-179.402,27.824
257.053,-179.402,27.822
259.164,-179.402,27.725
261.276,-179.402,27.790
263.388,-179.402,27.710
265.499,-179.402,27.647
267.611,-179.402,27.553
269.722,-179.402,27.432
271.834,-179.402,27.417
273.946,-179.402,27.375
276.057,-179.402,27.324
278.169,-179.402,27.375
280.281,-179.402,27.329
282.392,-179.402,27.466
168.364,-177.319,15.630
170.476,-177.319,16.244
172.588,-177.319,16.126
174.699,-177.319,16.732
176.811,-177.319,16.872
178.923,-177.319,17.455
181.034,-177.319,17.817
183.146,-177.319,18.144
185.257,-177.319,18.747
187.369,-177.319,19.237
189.481,-177.319,19.978
191.592,-177.319,20.369
193.704,-177.319,20.464
195.816,-177.319,20.427
197.927,-177.319,20.404
200.039,-177.319,20.417
202.150,-177.319,20.689
204.262,-177.319,20.491
206.374,-177.319,19.538
208.485,-177.319,18.498
210.597,-177.319,16.951
212.709,-177.319,14.889
214.820,-177.319,12.754
216.932,-177.319,11.764
219.043,-177.319,13.107
221.155,-177.319,15.998
223.267,-177.319,17.955
225.378,-177.319,19.487
227.490,-177.319,20.152
229.602,-177.319,20.732
231.713,-177.319,21.138
233.825,-177.319,21.635
235.936,-177.319,22.244
238.048,-177.319,23.262
240.160,-177.319,24.313
242.271,-177.319,25.321
244.383,-177.319,26.409
246.495,-177.319,27.391
248.606,-177.319,28.158
250.718,-177.319,28.410
252.829,-177.319,28.470
254.941,-177.319,28.246
257.053,-177.319,27.985
259.164,-177.319,27.954
261.276,-177.319,27.952
263.388,-177.319,27.867
265.499,-177.319,27.738
267.611,-177.319,27.623
269.722,-177.319,27.596
271.834,-177.319,27.535
273.946,-177.319,27.443
276.057,-177.319,27.444
278.169,-177.319,27.504
280.281,-177.319,27.458
282.392,-177.319,27.360
168.364,-175.236,16.289
170.476,-175.236,16.284
172.588,-175.236,16.796
174.699,-175.236,16.903
176.811,-175.236,17.690
178.923,-175.236,17.742
181.034,-175.236,18.391
183.146,-175.236,18.542
185.257,-175.236,19.425
187.369,-175.236,20.035
189.481,-175.236,20.400
191.592,-175.236,21.015
193.704,-175.236,21.032
195.816,-175.236,20.992
197.927,-175.236,20.879
200.039,-175.236,21.001
202.150,-175.236,21.049
204.262,-175.236,20.447
206.374,-175.236,19.547
208.485,-175.236,18.251
210.597,-175.236,16.468
212.709,-175.236,14.464
214.820,-175.236,11.981
216.932,-175.236,11.426
219.043,-175.236,13.669
221.155,-175.236,16.101
223.267,-175.236,18.090
225.378,-175.236,19.590
227.490,-175.236,20.379
229.602,-175.236,20.884
231.713,-175.236,21.244
233.825,-175.236,21.735
235.936,-175.236,22.367
238.048,-175.236,23.032
240.160,-175.236,24.075
242.271,-175.236,25.150
244.383,-175.236,26.291
246.495,-175.236,27.298
248.606,-175.236,28.200
250.718,-175.236,28.723
252.829,-175.236,28.811
254.941,-175.236,28.489
257.053,-175.236,28.180
259.164,-175.236,28.070
261.276,-175.236,28.048
263.388,-175.236,27.933
265.499,-175.236,27.737
267.611,-175.236,27.668
269.722,-175.236,27.546
271.834,-175.236,27.454
273.946,-175.236,27.432
276.057,-175.236,27.365
278.169,-175.236,27.238
280.281,-175.236,27.297
282.392,-175.236,27.189
168.364,-173.153,16.436
170.476,-173.153,16.808
172.588,-173.153,16.996
174.699,-173.153,17.522
176.811,-173.153,17.928
178.923,-173.153,18.272
181.034,-173.153,18.732
183.146,-173.153,19.335
185.257,-173.153,19.987
187.369,-173.153,20.634
189.481,-173.153,21.166
191.592,-173.153,21.453
193.704,-173.153,21.392
195.816,-173.153,21.305
197.927,-173.153,21.406
200.039,-173.153,21.289
202.150,-173.153,21.079
204.262,-173.153,20.321
206.374,-173.153,19.388
208.485,-173.153,17.969
210.597,-173.153,16.379
212.709,-173.153,14.457
214.820,-173.153,12.319
216.932,-173.153,10.947
219.043,-173.153,13.772
221.155,-173.153,16.342
223.267,-173.153,18.277
225.378,-173.153,19.399
227.490,-173.153,20.119
229.602,-173.153,20.679
231.713,-173.153,20.932
233.825,-173.153,21.289
235.936,-173.153,21.939
238.048,-173.153,22.790
240.160,-173.153,23.801
242.271,-173.153,24.984
244.383,-173.153,26.076
246.495,-173.153,27.157
248.606,-173.153,28.124
250.718,-173.153,28.783
252.829,-173.153,29.021
254.941,-173.153,28.794
257.053,-173.153,28.348
259.164,-173.153,28.097
261.276,-173.153,28.055
263.388,-173.153,28.053
265.499,-173.153,27.889
267.611,-173.153,27.664
269.722,-173.153,27.521
271.834,-173.153,27.538
273.946,-173.153,27.460
276.057,-173.153,27.355
278.169,-173.153,27.304
280.281,-173.153,27.334
282.392,-173.153,27.237
168.364,-171.070,16.606
170.476,-171.070,16.979
172.588,-171.070,17.668
174.699,-171.070,17.844
176.811,-171.070,18.283
178.923,-171.070,18.873
181.034,-171.070,19.271
183.146,-171.070,19.814
185.257,-171.070,20.512
187.369,-171.070,21.118
189.481,-171.070,21.724
191.592,-171.070,21.811
193.704,-171.070,21.807
195.816,-171.070,21.548
197.927,-171.070,21.691
200.039,-171.070,21.536
202.150,-171.070,21.054
204.262,-171.070,20.450
206.374,-171.070,19.191
208.485,-171.070,17.932
210.597,-171.070,16.356
212.709,-171.070,14.516
214.820,-171.070,12.320
216.932,-171.070,11.133
219.043,-171.070,13.286
221.155,-171.070,16.101
223.267,-171.070,18.069
225.378,-171.070,19.332
227.490,-171.070,20.239
229.602,-171.070,20.963
231.713,-171.070,21.110
233.825,-171.070,21.305
235.936,-171.070,21.770
238.048,-171.070,22.395
240.160,-171.070,23.523
242.271,-171.070,24.685
244.383,-171.070,25.818
246.495,-171.070,26.940
248.606,-171.070,27.904
250.718,-171.070,28.763
252.829,-171.070,29.053
254.941,-171.070,28.976
257.053,-171.070,28.429
259.164,-171.070,28.061
261.276,-171.070,27.923
263.388,-171.070,27.949
265.499,-171.070,27.733
267.611,-171.070,27.671
269.722,-171.070,27.456
271.834,-171.070,27.399
273.946,-171.070,27.320
276.057,-171.070,27.337
278.169,-171.070,27.262
280.281,-171.070,27.184
282.392,-171.070,27.025
168.364,-168.987,16.574
170.476,-168.987,17.358
172.588,-168.987,17.598
174.699,-168.987,18.142
176.811,-168.987,18.600
178.923,-168.987,19.054
181.034,-168.987,19.723
183.146,-168.987,20.333
185.257,-168.987,21.126
187.369,-168.987,21.702
189.481,-168.987,22.111
191.592,-168.987,22.235
193.704,-168.987,22.166
195.816,-168.987,22.065
197.927,-168.987,21.906
200.039,-168.987,21.505
202.150,-168.987,20.979
204.262,-168.987,20.367
206.374,-168.987,19.078
208.485,-168.987,18.054
210.597,-168.987,16.317
212.709,-168.987,14.231
214.820,-168.987,12.037
216.932,-168.987,10.831
219.043,-168.987,12.807
221.155,-168.987,15.664
223.267,-168.987,17.407
225.378,-168.987,19.013
227.490,-168.987,19.832
229.602,-168.987,20.539
231.713,-168.987,20.738
233.825,-168.987,20.860
235.936,-168.987,21.355
238.048,-168.987,22.154
240.160,-168.987,23.165
242.271,-168.987,24.393
244.383,-168.987,25.447
246.495,-168.987,26.639
248.606,-168.987,27.698
250.718,-168.987,28.681
252.829,-168.987,29.101
254.941,-168.987,29.069
257.053,-168.987,28.579
259.164,-168.987,28.043
261.276,-168.987,27.852
263.388,-168.987,27.842
265.499,-168.987,27.854
267.611,-168.987,27.636
269.722,-168.987,27.551
271.834,-168.987,27.451
273.946,-168.987,27.302
276.057,-168.987,27.379
278.169,-168.987,27.224
280.281,-168.987,27.150
282.392,-168.987,27.012
168.364,-166.904,16.985
170.476,-166.904,17.105
172.588,-166.904,17.894
174.699,-166.904,18.360
176.811,-166.904,19.089
178.923,-166.904,19.486
181.034,-166.904,19.910
183.146,-166.904,20.674
185.257,-166.904,21.356
187.369,-166.904,21.911
189.481,-166.904,22.407
191.592,-166.904,22.499
193.704,-166.904,22.385
195.816,-166.904,22.233
197.927,-166.904,22.028
200.039,-166.904,21.653
202.150,-166.904,21.091
204.262,-166.904,20.216
206.374,-166.904,19.085
208.485,-166.904,18.037
210.597,-166.904,16.571
212.709,-166.904,14.685
214.820,-166.904,12.030
216.932,-166.904,10.581
219.043,-166.904,11.834
221.155,-166.904,14.647
223.267,-166.904,16.704
225.378,-166.904,18.356
227.490,-166.904,19.275
229.602,-166.904,20.050
231.713,-166.904,20.372
233.825,-166.904,20.733
235.936,-166.904,21.055
238.048,-166.904,21.914
240.160,-166.904,22.883
242.271,-166.904,23.936
244.383,-166.904,25.051
246.495,-166.904,26.177
248.606,-166.904,27.382
250.718,-166.904,28.404
252.829,-166.904,29.074
254.941,-166.904,29.126
257.053,-166.904,28.502
259.164,-166.904,27.930
261.276,-166.904,27.709
263.388,-166.904,27.711
265.499,-166.904,27.686
267.611,-166.904,27.535
269.722,-166.904,27.346
271.834,-166.904,27.247
273.946,-166.904,27.292
276.057,-166.904,27.221
278.169,-166.904,27.115
280.281,-166.904,27.079
282.392,-166.904,26.921
168.364,-164.821,17.519
170.476,-164.821,17.804
172.588,-164.821,18.326
174.699,-164.821,18.489
176.811,-164.821,19.305
178.923,-164.821,19.949
181.034,-164.821,20.458
183.146,-164.821,21.059
185.257,-164.821,21.739
187.369,-164.821,22.418
189.481,-164.821,22.842
191.592,-164.821,22.886
193.704,-164.821,22.814
195.816,-164.821,22.420
197.927,-164.821,22.076
200.039,-164.821,21.641
202.150,-164.821,21.072
204.262,-164.821,20.384
206.374,-164.821,19.323
208.485,-164.821,17.946
210.597,-164.821,16.575
212.709,-164.821,14.948
214.820,-164.821,12.589
216.932,-164.821,10.709
219.043,-164.821,10.903
221.155,-164.821,13.627
223.267,-164.821,15.340
225.378,-164.821,17.304
227.490,-164.821,18.367
229.602,-164.821,19.466
231.713,-164.821,19.837
233.825,-164.821,20.079
235.936,-164.821,20.610
238.048,-164.821,21.330
240.160,-164.821,22.145
242.271,-164.821,23.395
244.383,-164.821,24.467
246.495,-164.821,25.830
248.606,-164.821,27.039
250.718,-164.821,28.294
252.829,-164.821,28.933
254.941,-164.821,29.018
257.053,-164.821,28.472
259.164,-164.821,27.752
261.276,-164.821,27.423
263.388,-164.821,27.439
265.499,-164.821,27.432
267.611,-164.821,27.316
269.722,-164.821,27.211
271.834,-164.821,27.164
273.946,-164.821,27.151
276.057,-164.821,27.130
278.169,-164.821,27.038
280.281,-164.821,26.968
282.392,-164.821,26.827
168.364,-162.738,17.544
170.476,-162.738,17.969
172.588,-162.738,18.416
174.699,-162.738,19.094
176.811,-162.738,19.374
178.923,-162.738,20.028
181.034,-162.738,20.879
183.146,-162.738,21.288
185.257,-162.738,21.990
187.369,-162.738,22.592
189.481,-162.738,22.997
191.592,-162.738,23.099
193.704,-162.738,22.849
195.816,-162.738,22.555
197.927,-162.738,22.086
200.039,-162.738,21.574
202.150,-162.738,20.851
204.262,-162.738,20.165
206.374,-162.738,19.166
208.485,-162.738,17.891
210.597,-162.738,16.721
212.709,-162.738,14.953
214.820,-162.738,13.013
216.932,-162.738,10.644
219.043,-162.738,10.728
221.155,-162.738,12.339
223.267,-162.738,14.382
225.378,-162.738,15.826
227.490,-162.738,17.142
229.602,-162.738,18.854
231.713,-162.738,19.333
233.825,-162.738,19.835
235.936,-162.738,20.324
238.048,-162.738,21.127
240.160,-162.738,21.914
242.271,-162.738,22.942
244.383,-162.738,24.073
246.495,-162.738,25.428
248.606,-162.738,26.865
250.718,-162.738,28.050
252.829,-162.738,28.771
254.941,-162.738,28.894
257.053,-162.738,28.295
259.164,-162.738,27.565
261.276,-162.738,27.185
263.388,-162.738,27.234
265.499,-162.738,27.223
267.611,-162.738,27.032
269.722,-162.738,26.966
271.834,-162.738,26.954
273.946,-162.738,26.988
276.057,-162.738,27.033
278.169,-162.738,26.925
280.281,-162.738,26.821
282.392,-162.738,26.680
168.364,-160.655,17.926
170.476,-160.655,18.148
172.588,-160.655,18.690
174.699,-160.655,19.148
176.811,-160.655,19.630
178.923,-160.655,20.385
181.034,-160.655,20.948
183.146,-160.655,21.565
185.257,-160.655,22.117
187.369,-160.655,22.830
189.481,-160.655,23.233
191.592,-160.655,23.207
193.704,-160.655,22.976
195.816,-160.655,22.668
197.927,-160.655,22.287
200.039,-160.655,21.596
202.150,-160.655,20.934
204.262,-160.655,20.065
206.374,-160.655,19.103
208.485,-160.655,18.029
210.597,-160.655,16.634
212.709,-160.655,14.965
214.820,-160.655,13.562
216.932,-160.655,11.544
219.043,-160.655,10.034
221.155,-160.655,10.267
223.267,-160.655,12.654
225.378,-160.655,15.083
227.490,-160.655,16.699
229.602,-160.655,17.695
231.713,-160.655,18.918
233.825,-160.655,19.544
235.936,-160.655,20.140
238.048,-160.655,20.795
240.160,-160.655,21.488
242.271,-160.655,22.723
244.383,-160.655,23.803
246.495,-160.655,25.117
248.606,-160.655,26.635
250.718,-160.655,27.886
252.829,-160.655,28.609
254.941,-160.655,28.658
257.053,-160.655,28.150
259.164,-160.655,27.347
261.276,-160.655,26.938
263.388,-160.655,26.989
265.499,-160.655,27.002
267.611,-160.655,26.874
269.722,-160.655,26.805
271.834,-160.655,26.845
273.946,-160.655,26.841
276.057,-160.655,26.779
278.169,-160.655,26.771
280.281,-160.655,26.704
282.392,-160.655,26.520
168.364,-158.572,17.708
170.476,-158.572,18.181
172.588,-158.572,18.650
174.699,-158.572,19.461
176.811,-158.572,19.625
178.923,-158.572,20.250
181.034,-158.572,21.171
183.146,-158.572,21.894
185.257,-158.572,22.396
187.369,-158.572,22.942
189.481,-158.572,23.281
191.592,-158.572,23.419
193.704,-158.572,23.308
195.816,-158.572,22.725
197.927,-158.572,22.255
200.039,-158.572,21.579
202.150,-158.572,20.899
204.262,-158.572,20.269
206.374,-158.572,19.523
208.485,-158.572,18.236
210.597,-158.572,16.931
212.709,-158.572,15.471
214.820,-158.572,14.099
216.932,-158.572,11.439
219.043,-158.572,8.414
221.155,-158.572,6.908
223.267,-158.572,8.632
225.378,-158.572,12.003
227.490,-158.572,14.662
229.602,-158.572,16.994
231.713,-158.572,18.081
233.825,-158.572,18.902
235.936,-158.572,19.743
238.048,-158.572,20.568
240.160,-158.572,21.460
242.271,-158.572,22.518
244.383,-158.572,23.698
246.495,-158.572,25.082
248.606,-158.572,26.560
250.718,-158.572,27.666
252.829,-158.572,28.396
254.941,-158.572,28.412
257.053,-158.572,27.811
259.164,-158.572,27.027
261.276,-158.572,26.603
263.388,-158.572,26.653
265.499,-158.572,26.700
267.611,-158.572,26.646
269.722,-158.572,26.577
271.834,-158.572,26.616
273.946,-158.572,26.610
276.057,-158.572,26.652
278.169,-158.572,26.580
280.281,-158.572,26.524
282.392,-158.572,26.386
168.364,-156.489,18.103
170.476,-156.489,18.497
172.588,-156.489,19.076
174.699,-156.489,19.606
176.811,-156.489,20.027
178.923,-156.489,20.512
181.034,-156.489,21.278
183.146,-156.489,21.834
185.257,-156.489,22.428
187.369,-156.489,22.924
189.481,-156.489,23.303
191.592,-156.489,23.399
193.704,-156.489,23.220
195.816,-156.489,22.953
197.927,-156.489,22.232
200.039,-156.489,21.557
202.150,-156.489,20.844
204.262,-156.489,20.110
206.374,-156.489,19.053
208.485,-156.489,18.121
210.597,-156.489,16.988
212.709,-156.489,15.669
214.820,-156.489,13.945
216.932,-156.489,11.659
219.043,-156.489,7.707
221.155,-156.489,1.956
223.267,-156.489,3.705
225.378,-156.489,9.815
227.490,-156.489,13.240
229.602,-156.489,16.029
231.713,-156.489,17.306
233.825,-156.489,18.612
235.936,-156.489,19.422
238.048,-156.489,20.494
240.160,-156.489,21.422
242.271,-156.489,22.571
244.383,-156.489,23.823
246.495,-156.489,25.081
248.606,-156.489,26.535
250.718,-156.489,27.574
252.829,-156.489,28.127
254.941,-156.489,28.000
257.053,-156.489,27.321
259.164,-156.489,26.439
261.276,-156.489,26.178
263.388,-156.489,26.374
265.499,-156.489,26.374
267.611,-156.489,26.256
269.722,-156.489,26.204
271.834,-156.489,26.285
273.946,-156.489,26.381
276.057,-156.489,26.396
278.169,-156.489,26.331
280.281,-156.489,26.303
282.392,-156.489,26.222
168.364,-154.406,18.026
170.476,-154.406,18.466
172.588,-154.406,19.041
174.699,-154.406,19.611
176.811,-154.406,20.141
178.923,-154.406,20.544
181.034,-154.406,21.329
183.146,-154.406,21.856
185.257,-154.406,22.417
187.369,-154.406,22.771
189.481,-154.406,23.146
191.592,-154.406,23.433
193.704,-154.406,23.162
195.816,-154.406,22.967
197.927,-154.406,22.213
200.039,-154.406,21.517
202.150,-154.406,20.609
204.262,-154.406,20.004
206.374,-154.406,19.149
208.485,-154.406,18.263
210.597,-154.406,17.121
212.709,-154.406,15.845
214.820,-154.406,14.286
216.932,-154.406,11.488
219.043,-154.406,6.774
221.155,-154.406,-1.661
223.267,-154.406,-0.415
225.378,-154.406,7.271
227.490,-154.406,12.430
229.602,-154.406,15.011
231.713,-154.406,17.083
233.825,-154.406,18.361
235.936,-154.406,19.217
238.048,-154.406,20.598
240.160,-154.406,21.677
242.271,-154.406,22.766
244.383,-154.406,23.980
246.495,-154.406,25.204
248.606,-154.406,26.460
250.718,-154.406,27.367
252.829,-154.406,27.816
254.941,-154.406,27.548
257.053,-154.406,26.772
259.164,-154.406,26.100
261.276,-154.406,25.854
263.388,-154.406,25.944
265.499,-154.406,26.037
267.611,-154.406,25.866
269.722,-154.406,25.889
271.834,-154.406,25.985
273.946,-154.406,26.077
276.057,-154.406,26.174
278.169,-154.406,26.177
280.281,-154.406,26.064
282.392,-154.406,26.049
168.364,-152.323,17.873
170.476,-152.323,18.018
172.588,-152.323,18.523
174.699,-152.323,19.143
176.811,-152.323,19.598
178.923,-152.323,20.257
181.034,-152.323,20.885
183.146,-152.323,21.391
185.257,-152.323,22.100
187.369,-152.323,22.599
189.481,-152.323,23.005
191.592,-152.323,23.112
193.704,-152.323,23.055
195.816,-152.323,22.658
197.927,-152.323,22.011
200.039,-152.323,21.018
202.150,-152.323,20.327
204.262,-152.323,19.477
206.374,-152.323,18.868
208.485,-152.323,17.942
210.597,-152.323,16.553
212.709,-152.323,15.163
214.820,-152.323,13.378
216.932,-152.323,11.546
219.043,-152.323,6.944
221.155,-152.323,1.689
223.267,-152.323,2.444
225.378,-152.323,8.875
227.490,-152.323,12.420
229.602,-152.323,15.104
231.713,-152.323,16.687
233.825,-152.323,18.452
235.936,-152.323,19.404
238.048,-152.323,20.612
240.160,-152.323,21.755
242.271,-152.323,23.096
244.383,-152.323,24.153
246.495,-152.323,25.267
248.606,-152.323,26.503
250.718,-152.323,27.136
252.829,-152.323,27.305
254.941,-152.323,26.924
257.053,-152.323,26.131
259.164,-152.323,25.424
261.276,-152.323,25.442
263.388,-152.323,25.512
265.499,-152.323,25.622
267.611,-152.323,25.555
269.722,-152.323,25.619
271.834,-152.323,25.625
273.946,-152.323,25.777
276.057,-152.323,25.831
278.169,-152.323,25.846
280.281,-152.323,25.846
282.392,-152.323,25.824
168.364,-150.240,17.958
170.476,-150.240,18.445
172.588,-150.240,18.988
174.699,-150.240,19.423
176.811,-150.240,20.074
178.923,-150.240,20.554
181.034,-150.240,21.308
183.146,-150.240,21.756
185.257,-150.240,22.274
187.369,-150.240,22.795
189.481,-150.240,23.046
191.592,-150.240,23.220
193.704,-150.240,23.226
195.816,-150.240,22.962
197.927,-150.240,22.291
200.039,-150.240,21.350
202.150,-150.240,20.535
204.262,-150.240,19.751
206.374,-150.240,18.952
208.485,-150.240,18.201
210.597,-150.240,17.375
212.709,-150.240,15.798
214.820,-150.240,14.275
216.932,-150.240,12.719
219.043,-150.240,10.660
221.155,-150.240,8.248
223.267,-150.240,8.317
225.378,-150.240,10.684
227.490,-150.240,12.240
229.602,-150.240,14.799
231.713,-150.240,16.826
233.825,-150.240,18.269
235.936,-150.240,19.837
238.048,-150.240,20.936
240.160,-150.240,22.104
242.271,-150.240,23.202
244.383,-150.240,24.372
246.495,-150.240,25.483
248.606,-150.240,26.307
250.718,-150.240,26.867
252.829,-150.240,26.802
254.941,-150.240,26.243
257.053,-150.240,25.435
259.164,-150.240,25.058
261.276,-150.240,25.133
263.388,-150.240,25.334
265.499,-150.240,25.370
267.611,-150.240,25.302
269.722,-150.240,25.350
271.834,-150.240,25.527
273.946,-150.240,25.745
276.057,-150.240,25.832
278.169,-150.240,25.763
280.281,-150.240,25.787
282.392,-150.240,25.615
168.364,-148.157,17.994
170.476,-148.157,18.412
172.588,-148.157,18.864
174.699,-148.157,19.468
176.811,-148.157,20.017
178.923,-148.157,20.431
181.034,-148.157,21.196
183.146,-148.157,21.661
185.257,-148.157,22.162
187.369,-148.157,22.607
189.481,-148.157,23.011
191.592,-148.157,23.175
193.704,-148.157,23.192
195.816,-148.157,22.985
197.927,-148.157,22.310
200.039,-148.157,21.633
202.150,-148.157,20.672
204.262,-148.157,19.803
206.374,-148.157,19.068
208.485,-148.157,18.518
210.597,-148.157,17.350
212.709,-148.157,16.601
214.820,-148.157,15.167
216.932,-148.157,13.868
219.043,-148.157,12.746
221.155,-148.157,11.290
223.267,-148.157,11.888
225.378,-148.157,12.608
227.490,-148.157,14.701
229.602,-148.157,15.728
231.713,-148.157,17.428
233.825,-148.157,18.811
235.936,-148.157,20.289
238.048,-148.157,21.253
240.160,-148.157,22.530
242.271,-148.157,23.590
244.383,-148.157,24.692
246.495,-148.157,25.444
248.606,-148.157,26.232
250.718,-148.157,26.393
252.829,-148.157,26.174
254.941,-148.157,25.369
257.053,-148.157,24.886
259.164,-148.157,24.717
261.276,-148.157,24.781
263.388,-148.157,25.023
265.499,-148.157,24.969
267.611,-148.157,25.068
269.722,-148.157,25.266
271.834,-148.157,25.358
273.946,-148.157,25.429
276.057,-148.157,25.514
278.169,-148.157,25.601
280.281,-148.157,25.597
282.392,-148.157,25.544
168.364,-146.074,18.268
170.476,-146.074,18.400
172.588,-146.074,18.934
174.699,-146.074,19.435
176.811,-146.074,20.101
178.923,-146.074,20.443
181.034,-146.074,21.185
183.146,-146.074,21.569
185.257,-146.074,21.962
187.369,-146.074,22.391
189.481,-146.074,22.818
191.592,-146.074,22.905
193.704,-146.074,23.043
195.816,-146.074,22.837
197.927,-146.074,22.332
200.039,-146.074,21.597
202.150,-146.074,20.766
204.262,-146.074,19.979
206.374,-146.074,19.248
208.485,-146.074,18.644
210.597,-146.074,17.997
212.709,-146.074,17.095
214.820,-146.074,15.817
216.932,-146.074,15.069
219.043,-146.074,14.309
221.155,-146.074,13.833
223.267,-146.074,14.010
225.378,-146.074,14.672
227.490,-146.074,15.902
229.602,-146.074,16.658
231.713,-146.074,18.239
233.825,-146.074,19.294
235.936,-146.074,20.657
238.048,-146.074,21.906
240.160,-146.074,22.790
242.271,-146.074,23.812
244.383,-146.074,24.572
246.495,-146.074,25.389
248.606,-146.074,25.832
250.718,-146.074,25.763
252.829,-146.074,25.316
254.941,-146.074,24.806
257.053,-146.074,24.434
259.164,-146.074,24.391
261.276,-146.074,24.497
263.388,-146.074,24.619
265.499,-146.074,24.610
267.611,-146.074,24.703
269.722,-146.074,24.962
271.834,-146.074,25.129
273.946,-146.074,25.224
276.057,-146.074,25.386
278.169,-146.074,25.362
280.281,-146.074,25.379
282.392,-146.074,25.341
168.364,-143.991,18.347
170.476,-143.991,18.531
172.588,-143.991,19.151
174.699,-143.991,19.649
176.811,-143.991,19.972
178.923,-143.991,20.470
181.034,-143.991,21.065
183.146,-143.991,21.390
185.257,-143.991,21.891
187.369,-143.991,22.195
189.481,-143.991,22.519
191.592,-143.991,22.704
193.704,-143.991,22.781
195.816,-143.991,22.645
197.927,-143.991,22.361
200.039,-143.991,21.798
202.150,-143.991,20.981
204.262,-143.991,20.179
206.374,-143.991,19.457
208.485,-143.991,18.834
210.597,-143.991,18.311
212.709,-143.991,17.691
214.820,-143.991,17.007
216.932,-143.991,16.401
219.043,-143.991,15.855
221.155,-143.991,15.594
223.267,-143.991,15.732
225.378,-143.991,16.211
227.490,-143.991,17.063
229.602,-143.991,17.828
231.713,-143.991,18.943
233.825,-143.991,20.026
235.936,-143.991,21.017
238.048,-143.991,22.243
240.160,-143.991,23.005
242.271,-143.991,23.847
244.383,-143.991,24.564
246.495,-143.991,25.034
248.606,-143.991,25.081
250.718,-143.991,24.934
252.829,-143.991,24.500
254.941,-143.991,24.062
257.053,-143.991,23.939
259.164,-143.991,23.991
261.276,-143.991,24.172
263.388,-143.991,24.221
265.499,-143.991,24.357
267.611,-143.991,24.416
269.722,-143.991,24.674
271.834,-143.991,24.803
273.946,-143.991,25.003
276.057,-143.991,25.045
278.169,-143.991,25.167
280.281,-143.991,25.232
282.392,-143.991,25.214
168.364,-141.908,18.288
170.476,-141.908,18.579
172.588,-141.908,19.147
174.699,-141.908,19.409
176.811,-141.908,20.036
178.923,-141.908,20.356
181.034,-141.908,20.926
183.146,-141.908,21.312
185.257,-141.908,21.680
187.369,-141.908,21.885
189.481,-141.908,22.258
191.592,-141.908,22.438
193.704,-141.908,22.569
195.816,-141.908,22.553
197.927,-141.908,22.337
200.039,-141.908,21.956
202.150,-141.908,21.334
204.262,-141.908,20.323
206.374,-141.908,19.655
208.485,-141.908,19.066
210.597,-141.908,18.547
212.709,-141.908,17.998
214.820,-141.908,17.545
216.932,-141.908,17.396
219.043,-141.908,16.769
221.155,-141.908,16.800
223.267,-141.908,17.101
225.378,-141.908,17.467
227.490,-141.908,18.119
229.602,-141.908,18.401
231.713,-141.908,19.529
233.825,-141.908,20.479
235.936,-141.908,21.378
238.048,-141.908,22.330
240.160,-141.908,23.072
242.271,-141.908,23.696
244.383,-141.908,24.255
246.495,-141.908,24.438
248.606,-141.908,24.411
250.718,-141.908,24.119
252.829,-141.908,23.777
254.941,-141.908,23.530
257.053,-141.908,23.597
259.164,-141.908,23.680
261.276,-141.908,23.704
263.388,-141.908,23.892
265.499,-141.908,24.040
267.611,-141.908,24.296
269.722,-141.908,24.444
271.834,-141.908,24.605
273.946,-141.908,24.713
276.057,-141.908,24.898
278.169,-141.908,24.892
280.281,-141.908,25.026
282.392,-141.908,24.953
168.364,-139.825,17.855
170.476,-139.825,18.334
172.588,-139.825,18.993
174.699,-139.825,19.276
176.811,-139.825,19.699
178.923,-139.825,20.236
181.034,-139.825,20.517
183.146,-139.825,21.004
185.257,-139.825,21.247
187.369,-139.825,21.578
189.481,-139.825,21.898
191.592,-139.825,22.279
193.704,-139.825,22.213
195.816,-139.825,22.096
197.927,-139.825,22.090
200.039,-139.825,21.790
202.150,-139.825,21.396
204.262,-139.825,20.556
206.374,-139.825,19.988
208.485,-139.825,19.002
210.597,-139.825,18.815
212.709,-139.825,18.107
214.820,-139.825,17.873
216.932,-139.825,17.967
219.043,-139.825,17.583
221.155,-139.825,17.606
223.267,-139.825,17.905
225.378,-139.825,18.238
227.490,-139.825,18.419
229.602,-139.825,19.112
231.713,-139.825,19.698
233.825,-139.825,20.730
235.936,-139.825,21.470
238.048,-139.825,22.217
240.160,-139.825,22.833
242.271,-139.825,23.199
244.383,-139.825,23.405
246.495,-139.825,23.495
248.606,-139.825,23.398
250.718,-139.825,23.105
252.829,-139.825,23.020
254.941,-139.825,22.909
257.053,-139.825,23.047
259.164,-139.825,23.040
261.276,-139.825,23.294
263.388,-139.825,23.393
265.499,-139.825,23.579
267.611,-139.825,23.847
269.722,-139.825,23.994
271.834,-139.825,24.242
273.946,-139.825,24.367
276.057,-139.825,24.363
278.169,-139.825,24.547
280.281,-139.825,24.597
282.392,-139.825,24.701
168.364,-137.742,18.136
170.476,-137.742,18.549
172.588,-137.742,18.933
174.699,-137.742,19.426
176.811,-137.742,19.638
178.923,-137.742,19.940
181.034,-137.742,20.450
183.146,-137.742,20.774
185.257,-137.742,21.177
187.369,-137.742,21.455
189.481,-137.742,21.778
191.592,-137.742,21.975
193.704,-137.742,22.069
195.816,-137.742,22.126
197.927,-137.742,22.049
200.039,-137.742,21.766
202.150,-137.742,21.355
204.262,-137.742,20.838
206.374,-137.742,20.226
208.485,-137.742,19.454
210.597,-137.742,18.834
212.709,-137.742,18.461
214.820,-137.742,18.381
216.932,-137.742,18.167
219.043,-137.742,17.867
221.155,-137.742,18.322
223.267,-137.742,18.428
225.378,-137.742,18.816
227.490,-137.742,19.071
229.602,-137.742,19.251
231.713,-137.742,20.008
233.825,-137.742,20.745
235.936,-137.742,21.382
238.048,-137.742,21.968
240.160,-137.742,22.342
242.271,-137.742,22.691
244.383,-137.742,22.809
246.495,-137.742,22.755
248.606,-137.742,22.612
250.718,-137.742,22.509
252.829,-137.742,22.405
254.941,-137.742,22.518
257.053,-137.742,22.609
259.164,-137.742,22.740
261.276,-137.742,22.971
263.388,-137.742,23.294
265.499,-137.742,23.418
267.611,-137.742,23.554
269.722,-137.742,23.798
271.834,-137.742,23.971
273.946,-137.742,24.074
276.057,-137.742,24.213
278.169,-137.742,24.283
280.281,-137.742,24.419
282.392,-137.742,24.572
168.364,-135.659,18.163
170.476,-135.659,18.732
172.588,-135.659,18.931
174.699,-135.659,19.440
176.811,-135.659,19.668
178.923,-135.659,19.984
181.034,-135.659,20.253
183.146,-135.659,20.785
185.257,-135.659,20.970
187.369,-135.659,21.394
189.481,-135.659,21.557
191.592,-135.659,21.669
193.704,-135.659,21.899
195.816,-135.659,21.960
197.927,-135.659,21.832
200.039,-135.659,21.809
202.150,-135.659,21.439
204.262,-135.659,21.092
206.374,-135.659,20.422
208.485,-135.659,20.000
210.597,-135.659,19.452
212.709,-135.659,18.830
214.820,-135.659,18.542
216.932,-135.659,18.427
219.043,-135.659,18.590
221.155,-135.659,18.335
223.267,-135.659,18.715
225.378,-135.659,18.979
227.490,-135.659,19.476
229.602,-135.659,19.656
231.713,-135.659,20.105
233.825,-135.659,20.708
235.936,-135.659,21.136
238.048,-135.659,21.588
240.160,-135.659,21.782
242.271,-135.659,21.937
244.383,-135.659,21.985
246.495,-135.659,21.950
248.606,-135.659,21.943
250.718,-135.659,22.021
252.829,-135.659,22.045
254.941,-135.659,22.393
257.053,-135.659,22.477
259.164,-135.659,22.603
261.276,-135.659,22.685
263.388,-135.659,22.952
265.499,-135.659,23.078
267.611,-135.659,23.382
269.722,-135.659,23.586
271.834,-135.659,23.817
273.946,-135.659,23.930
276.057,-135.659,24.054
278.169,-135.659,24.162
280.281,-135.659,24.233
282.392,-135.659,24.343
168.364,-133.576,17.951
170.476,-133.576,18.403
172.588,-133.576,18.641
174.699,-133.576,19.110
176.811,-133.576,19.476
178.923,-133.576,19.853
181.034,-133.576,20.067
183.146,-133.576,20.351
185.257,-133.576,20.972
187.369,-133.576,21.243
189.481,-133.576,21.433
191.592,-133.576,21.493
193.704,-133.576,21.617
195.816,-133.576,21.605
197.927,-133.576,21.632
200.039,-133.576,21.462
202.150,-133.576,21.385
204.262,-133.576,21.060
206.374,-133.576,20.685
208.485,-133.576,20.025
210.597,-133.576,19.679
212.709,-133.576,19.264
214.820,-133.576,18.695
216.932,-133.576,18.588
219.043,-133.576,18.423
221.155,-133.576,18.596
223.267,-133.576,18.919
225.378,-133.576,19.129
227.490,-133.576,19.456
229.602,-133.576,19.779
231.713,-133.576,19.974
233.825,-133.576,20.311
235.936,-133.576,20.626
238.048,-133.576,20.947
240.160,-133.576,21.054
242.271,-133.576,21.215
244.383,-133.576,21.385
246.495,-133.576,21.296
248.606,-133.576,21.509
250.718,-133.576,21.676
252.829,-133.576,21.775
254.941,-133.576,22.057
257.053,-133.576,22.129
259.164,-133.576,22.238
261.276,-133.576,22.590
263.388,-133.576,22.737
265.499,-133.576,22.939
267.611,-133.576,23.122
269.722,-133.576,23.299
271.834,-133.576,23.503
273.946,-133.576,23.687
276.057,-133.576,23.895
278.169,-133.576,23.944
280.281,-133.576,23.980
282.392,-133.576,24.097
168.364,-131.493,17.941
170.476,-131.493,18.352
172.588,-131.493,18.407
174.699,-131.493,18.871
176.811,-131.493,19.214
178.923,-131.493,19.444
181.034,-131.493,19.899
183.146,-131.493,20.202
185.257,-131.493,20.232
187.369,-131.493,20.786
189.481,-131.493,21.136
191.592,-131.493,21.194
193.704,-131.493,21.379
195.816,-131.493,21.377
197.927,-131.493,21.422
200.039,-131.493,21.282
202.150,-131.493,21.028
204.262,-131.493,20.886
206.374,-131.493,20.591
208.485,-131.493,20.168
210.597,-131.493,19.797
212.709,-131.493,19.340
214.820,-131.493,18.980
216.932,-131.493,18.713
219.043,-131.493,18.518
221.155,-131.493,18.840
223.267,-131.493,18.928
225.378,-131.493,19.075
227.490,-131.493,19.332
229.602,-131.493,19.529
231.713,-131.493,19.841
233.825,-131.493,20.194
235.936,-131.493,20.285
238.048,-131.493,20.465
240.160,-131.493,20.563
242.271,-131.493,20.737
244.383,-131.493,20.859
246.495,-131.493,21.025
248.606,-131.493,21.122
250.718,-131.493,21.280
252.829,-131.493,21.420
254.941,-131.493,21.609
257.053,-131.493,21.827
259.164,-131.493,22.014
261.276,-131.493,22.319
263.388,-131.493,22.418
265.499,-131.493,22.762
267.611,-131.493,22.858
269.722,-131.493,23.046
271.834,-131.493,23.308
273.946,-131.493,23.449
276.057,-131.493,23.582
278.169,-131.493,23.787
280.281,-131.493,23.887
282.392,-131.493,24.022
168.364,-129.410,17.520
170.476,-129.410,17.881
172.588,-129.410,18.022
174.699,-129.410,18.369
176.811,-129.410,18.823
178.923,-129.410,19.107
181.034,-129.410,19.559
183.146,-129.410,20.003
185.257,-129.410,20.184
187.369,-129.410,20.432
189.481,-129.410,20.735
191.592,-129.410,20.921
193.704,-129.410,21.048
195.816,-129.410,21.057
197.927,-129.410,21.203
200.039,-129.410,21.224
202.150,-129.410,20.982
204.262,-129.410,20.782
206.374,-129.410,20.685
208.485,-129.410,20.209
210.597,-129.410,19.901
212.709,-129.410,19.545
214.820,-129.410,19.134
216.932,-129.410,19.253
219.043,-129.410,18.830
221.155,-129.410,18.869
223.267,-129.410,18.957
225.378,-129.410,19.204
227.490,-129.410,19.231
229.602,-129.410,19.563
231.713,-129.410,19.516
233.825,-129.410,19.620
235.936,-129.410,20.059
238.048,-129.410,20.072
240.160,-129.410,20.325
242.271,-129.410,20.361
244.383,-129.410,20.536
246.495,-129.410,20.669
248.606,-129.410,20.690
250.718,-129.410,20.845
252.829,-129.410,21.009
254.941,-129.410,21.360
257.053,-129.410,21.573
259.164,-129.410,21.706
261.276,-129.410,21.966
263.388,-129.410,22.256
265.499,-129.410,22.395
267.611,-129.410,22.725
269.722,-129.410,22.890
271.834,-129.410,23.083
273.946,-129.410,23.236
276.057,-129.410,23.391
278.169,-129.410,23.487
280.281,-129.410,23.702
282.392,-129.410,23.749
168.364,-127.327,17.267
170.476,-127.327,17.669
172.588,-127.327,17.856
174.699,-127.327,18.139
176.811,-127.327,18.590
178.923,-127.327,18.867
181.034,-127.327,18.978
183.146,-127.327,19.500
185.257,-127.327,19.938
187.369,-127.327,20.064
189.481,-127.327,20.342
191.592,-127.327,20.536
193.704,-127.327,20.780
195.816,-127.327,20.652
197.927,-127.327,20.902
200.039,-127.327,20.799
202.150,-127.327,20.762
204.262,-127.327,20.831
206.374,-127.327,20.381
208.485,-127.327,20.209
210.597,-127.327,19.881
212.709,-127.327,19.672
214.820,-127.327,19.463
216.932,-127.327,19.159
219.043,-127.327,19.007
221.155,-127.327,18.810
223.267,-127.327,18.807
225.378,-127.327,19.091
227.490,-127.327,19.175
229.602,-127.327,19.422
231.713,-127.327,19.379
233.825,-127.327,19.473
235.936,-127.327,19.558
238.048,-127.327,19.630
240.160,-127.327,19.804
242.271,-127.327,19.902
244.383,-127.327,20.085
246.495,-127.327,20.381
248.606,-127.327,20.588
250.718,-127.327,20.696
252.829,-127.327,20.772
254.941,-127.327,21.027
257.053,-127.327,21.244
259.164,-127.327,21.541
261.276,-127.327,21.679
263.388,-127.327,21.973
265.499,-127.327,22.149
267.611,-127.327,22.400
269.722,-127.327,22.550
271.834,-127.327,22.860
273.946,-127.327,22.868
276.057,-127.327,22.989
278.169,-127.327,23.281
280.281,-127.327,23.328
282.392,-127.327,23.494
168.364,-125.244,17.165
170.476,-125.244,17.175
172.588,-125.244,17.584
174.699,-125.244,18.028
176.811,-125.244,18.081
178.923,-125.244,18.540
181.034,-125.244,18.940
183.146,-125.244,19.288
185.257,-125.244,19.717
187.369,-125.244,19.792
189.481,-125.244,19.946
191.592,-125.244,20.343
193.704,-125.244,20.441
195.816,-125.244,20.532
197.927,-125.244,20.656
200.039,-125.244,20.671
202.150,-125.244,20.659
204.262,-125.244,20.466
206.374,-125.244,20.338
208.485,-125.244,20.054
210.597,-125.244,20.096
212.709,-125.244,19.411
214.820,-125.244,19.465
216.932,-125.244,19.107
219.043,-125.244,19.234
221.155,-125.244,18.944
223.267,-125.244,18.938
225.378,-125.244,19.026
227.490,-125.244,19.015
229.602,-125.244,19.144
231.713,-125.244,19.053
233.825,-125.244,19.281
235.936,-125.244,19.265
238.048,-125.244,19.393
240.160,-125.244,19.548
242.271,-125.244,19.592
244.383,-125.244,19.877
246.495,-125.244,19.979
248.606,-125.244,20.152
250.718,-125.244,20.250
252.829,-125.244,20.511
254.941,-125.244,20.792
257.053,-125.244,20.867
259.164,-125.244,21.231
261.276,-125.244,21.455
263.388,-125.244,21.531
265.499,-125.244,21.951
267.611,-125.244,22.142
269.722,-125.244,22.201
271.834,-125.244,22.469
273.946,-125.244,22.608
276.057,-125.244,22.876
278.169,-125.244,23.078
280.281,-125.244,22.992
282.392,-125.244,23.254
168.364,-123.161,16.850
170.476,-123.161,16.834
172.588,-123.161,17.209
174.699,-123.161,17.573
176.811,-123.161,17.972
178.923,-123.161,18.255
181.034,-123.161,18.545
183.146,-123.161,19.086
185.257,-123.161,19.232
187.369,-123.161,19.546
189.481,-123.161,19.723
191.592,-123.161,19.891
193.704,-123.161,20.189
195.816,-123.161,20.111
197.927,-123.161,20.377
200.039,-123.161,20.508
202.150,-123.161,20.366
204.262,-123.161,20.328
206.374,-123.161,20.233
208.485,-123.161,20.074
210.597,-123.161,19.844
212.709,-123.161,19.781
214.820,-123.161,19.522
216.932,-123.161,19.137
219.043,-123.161,18.946
221.155,-123.161,18.796
223.267,-123.161,18.910
225.378,-123.161,19.093
227.490,-123.161,18.754
229.602,-123.161,19.129
231.713,-123.161,18.926
233.825,-123.161,19.103
235.936,-123.161,19.233
238.048,-123.161,19.159
240.160,-123.161,19.263
242.271,-123.161,19.155
244.383,-123.161,19.480
246.495,-123.161,19.767
248.606,-123.161,19.662
250.718,-123.161,19.861
252.829,-123.161,20.169
254.941,-123.161,20.375
257.053,-123.161,20.647
259.164,-123.161,20.810
261.276,-123.161,21.113
263.388,-123.161,21.345
265.499,-123.161,21.523
267.611,-123.161,21.739
269.722,-123.161,22.083
271.834,-123.161,22.142
273.946,-123.161,22.498
276.057,-123.161,22.553
278.169,-123.161,22.682
280.281,-123.161,22.818
282.392,-123.161,22.968
168.364,-121.078,16.555
170.476,-121.078,16.757
172.588,-121.078,17.008
174.699,-121.078,17.294
176.811,-121.078,17.644
178.923,-121.078,17.897
181.034,-121.078,18.286
183.146,-121.078,18.784
185.257,-121.078,18.924
187.369,-121.078,19.207
189.481,-121.078,19.433
191.592,-121.078,19.615
193.704,-121.078,19.920
195.816,-121.078,20.007
197.927,-121.078,19.924
200.039,-121.078,20.158
202.150,-121.078,20.132
204.262,-121.078,20.099
206.374,-121.078,20.121
208.485,-121.078,19.913
210.597,-121.078,19.763
212.709,-121.078,19.537
214.820,-121.078,19.455
216.932,-121.078,19.168
219.043,-121.078,19.091
221.155,-121.078,18.876
223.267,-121.078,19.073
225.378,-121.078,19.109
227.490,-121.078,19.028
229.602,-121.078,19.038
231.713,-121.078,18.946
233.825,-121.078,18.952
235.936,-121.078,18.773
238.048,-121.078,18.866
240.160,-121.078,18.972
242.271,-121.078,19.067
244.383,-121.078,19.304
246.495,-121.078,19.371
248.606,-121.078,19.633
250.718,-121.078,19.635
252.829,-121.078,19.789
254.941,-121.078,20.024
257.053,-121.078,20.355
259.164,-121.078,20.488
261.276,-121.078,20.995
263.388,-121.078,20.833
265.499,-121.078,21.358
267.611,-121.078,21.382
269.722,-121.078,21.759
271.834,-121.078,21.948
273.946,-121.078,22.007
276.057,-121.078,22.317
278.169,-121.078,22.306
280.281,-121.078,22.504
282.392,-121.078,22.769
168.364,-118.995,16.677
170.476,-118.995,16.897
172.588,-118.995,16.963
174.699,-118.995,17.183
176.811,-118.995,17.512
178.923,-118.995,17.870
181.034,-118.995,18.011
183.146,-118.995,18.610
185.257,-118.995,19.020
187.369,-118.995,19.132
189.481,-118.995,19.276
191.592,-118.995,19.676
193.704,-118.995,19.822
195.816,-118.995,20.001
197.927,-118.995,20.058
200.039,-118.995,20.139
202.150,-118.995,20.020
204.262,-118.995,20.000
206.374,-118.995,20.097
208.485,-118.995,19.910
210.597,-118.995,19.865
212.709,-118.995,19.684
214.820,-118.995,19.559
216.932,-118.995,19.285
219.043,-118.995,19.405
221.155,-118.995,19.268
223.267,-118.995,19.308
225.378,-118.995,19.414
227.490,-118.995,19.393
229.602,-118.995,19.364
231.713,-118.995,19.051
233.825,-118.995,19.316
235.936,-118.995,19.211
238.048,-118.995,19.145
240.160,-118.995,19.143
242.271,-118.995,19.220
244.383,-118.995,19.232
246.495,-118.995,19.280
248.606,-118.995,19.619
250.718,-118.995,19.735
252.829,-118.995,19.718
254.941,-118.995,20.183
257.053,-118.995,20.278
259.164,-118.995,20.442
261.276,-118.995,20.726
263.388,-118.995,20.831
265.499,-118.995,21.172
267.611,-118.995,21.422
269.722,-118.995,21.618
271.834,-118.995,21.744
273.946,-118.995,21.977
276.057,-118.995,22.153
278.169,-118.995,22.236
280.281,-118.995,22.405
282.392,-118.995,22.504
168.364,-116.912,16.326
170.476,-116.912,16.411
172.588,-116.912,16.549
174.699,-116.912,16.821
176.811,-116.912,17.141
178.923,-116.912,17.495
181.034,-116.912,17.958
183.146,-116.912,18.372
185.257,-116.912,18.830
187.369,-116.912,18.978
189.481,-116.912,19.164
191.592,-116.912,19.374
193.704,-116.912,19.573
195.816,-116.912,19.826
197.927,-116.912,19.783
200.039,-116.912,19.805
202.150,-116.912,19.916
204.262,-116.912,19.844
206.374,-116.912,19.732
208.485,-116.912,19.843
210.597,-116.912,19.770
212.709,-116.912,19.639
214.820,-116.912,19.428
216.932,-116.912,19.174
219.043,-116.912,18.928
221.155,-116.912,19.270
223.267,-116.912,19.269
225.378,-116.912,19.338
227.490,-116.912,19.160
229.602,-116.912,19.163
231.713,-116.912,19.150
233.825,-116.912,18.924
235.936,-116.912,18.924
238.048,-116.912,18.642
240.160,-116.912,18.851
242.271,-116.912,18.861
244.383,-116.912,18.954
246.495,-116.912,19.348
248.606,-116.912,19.255
250.718,-116.912,19.596
252.829,-116.912,19.714
254.941,-116.912,19.854
257.053,-116.912,20.122
259.164,-116.912,20.075
261.276,-116.912,20.445
263.388,-116.912,20.732
265.499,-116.912,21.033
267.611,-116.912,21.163
269.722,-116.912,21.447
271.834,-116.912,21.612
273.946,-116.912,21.782
276.057,-116.912,21.963
278.169,-116.912,21.875
280.281,-116.912,22.190
282.392,-116.912,22.356
168.364,-114.829,15.675
170.476,-114.829,15.964
172.588,-114.829,15.872
174.699,-114.829,16.469
176.811,-114.829,16.307
178.923,-114.829,17.286
181.034,-114.829,17.775
183.146,-114.829,17.993
185.257,-114.829,18.306
187.369,-114.829,18.586
189.481,-114.829,18.992
191.592,-114.829,19.162
193.704,-114.829,19.361
195.816,-114.829,19.306
197.927,-114.829,19.568
200.039,-114.829,19.512
202.150,-114.829,19.754
204.262,-114.829,19.538
206.374,-114.829,19.380
208.485,-114.829,19.516
210.597,-114.829,19.376
212.709,-114.829,19.387
214.820,-114.829,19.142
216.932,-114.829,19.271
219.043,-114.829,19.215
221.155,-114.829,18.942
223.267,-114.829,19.126
225.378,-114.829,19.176
227.490,-114.829,19.095
229.602,-114.829,18.904
231.713,-114.829,18.868
233.825,-114.829,18.609
235.936,-114.829,18.735
238.048,-114.829,18.753
240.160,-114.829,18.671
242.271,-114.829,18.825
244.383,-114.829,18.719
246.495,-114.829,18.968
248.606,-114.829,19.066
250.718,-114.829,19.326
252.829,-114.829,19.409
254.941,-114.829,19.579
257.053,-114.829,19.794
259.164,-114.829,20.131
261.276,-114.829,20.272
263.388,-114.829,20.676
265.499,-114.829,20.761
267.611,-114.829,20.915
269.722,-114.829,21.165
271.834,-114.829,21.152
273.946,-114.829,21.509
276.057,-114.829,21.675
278.169,-114.829,21.797
280.281,-114.829,21.968
282.392,-114.829,22.066
168.364,-112.746,15.362
170.476,-112.746,15.333
172.588,-112.746,15.654
174.699,-112.746,16.022
176.811,-112.746,16.275
178.923,-112.746,16.689
181.034,-112.746,17.430
183.146,-112.746,17.773
185.257,-112.746,18.046
187.369,-112.746,18.231
189.481,-112.746,18.749
191.592,-112.746,18.791
193.704,-112.746,19.038
195.816,-112.746,19.003
197.927,-112.746,19.158
200.039,-112.746,19.207
202.150,-112.746,19.336
204.262,-112.746,19.062
206.374,-112.746,19.155
208.485,-112.746,19.264
210.597,-112.746,19.189
212.709,-112.746,18.956
214.820,-112.746,18.966
216.932,-112.746,18.907
219.043,-112.746,19.036
221.155,-112.746,18.912
223.267,-112.746,19.028
225.378,-112.746,19.024
227.490,-112.746,18.983
229.602,-112.746,18.767
231.713,-112.746,18.755
233.825,-112.746,18.452
235.936,-112.746,18.436
238.048,-112.746,18.518
240.160,-112.746,18.559
242.271,-112.746,18.409
244.383,-112.746,18.601
246.495,-112.746,18.605
248.606,-112.746,18.964
250.718,-112.746,19.045
252.829,-112.746,19.174
254.941,-112.746,19.350
257.053,-112.746,19.447
259.164,-112.746,19.817
261.276,-112.746,20.082
263.388,-112.746,20.324
265.499,-112.746,20.528
267.611,-112.746,20.704
269.722,-112.746,20.971
271.834,-112.746,20.989
273.946,-112.746,21.293
276.057,-112.746,21.412
278.169,-112.746,21.684
280.281,-112.746,21.683
282.392,-112.746,21.813
168.364,-110.663,15.387
170.476,-110.663,15.033
172.588,-110.663,15.498
174.699,-110.663,15.645
176.811,-110.663,15.914
178.923,-110.663,16.227
181.034,-110.663,16.986
183.146,-110.663,17.506
185.257,-110.663,17.650
187.369,-110.663,18.009
189.481,-110.663,18.208
191.592,-110.663,18.428
193.704,-110.663,18.423
195.816,-110.663,18.669
197.927,-110.663,18.885
200.039,-110.663,18.885
202.150,-110.663,18.854
204.262,-110.663,18.989
206.374,-110.663,19.028
208.485,-110.663,18.826
210.597,-110.663,18.813
212.709,-110.663,18.851
214.820,-110.663,18.887
216.932,-110.663,18.677
219.043,-110.663,18.765
221.155,-110.663,18.783
223.267,-110.663,18.626
225.378,-110.663,19.006
227.490,-110.663,18.887
229.602,-110.663,18.630
231.713,-110.663,18.626
233.825,-110.663,18.363
235.936,-110.663,18.389
238.048,-110.663,18.319
240.160,-110.663,18.443
242.271,-110.663,18.332
244.383,-110.663,18.476
246.495,-110.663,18.475
248.606,-110.663,18.899
250.718,-110.663,18.739
252.829,-110.663,18.878
254.941,-110.663,18.970
257.053,-110.663,19.323
259.164,-110.663,19.559
261.276,-110.663,19.732
263.388,-110.663,20.024
265.499,-110.663,20.417
267.611,-110.663,20.334
269.722,-110.663,20.457
271.834,-110.663,20.901
273.946,-110.663,20.992
276.057,-110.663,21.203
278.169,-110.663,21.347
280.281,-110.663,21.429
282.392,-110.663,21.626
